12,1,a,spiritual,c,"Menunjukkan sikap yang cukup baik dalam beribadah (berdoa, memuji Tuhan, membaca dan merenungkan firman Tuhan dalam Alkitab) di sekolah dan gereja"
12,1,b,spiritual,a,"Menunjukkan sikap yang sangat baik dalam beribadah (berdoa, memuji Tuhan, membaca dan merenungkan firman Tuhan dalam Alkitab) di sekolah dan gereja"
13,1,a,spiritual,b,"Menunjukkan sikap yang baik dalam beribadah (berdoa, memuji Tuhan, membaca dan merenungkan firman Tuhan dalam Alkitab) di sekolah dan gereja"
13,1,b,spiritual,c,"Menunjukkan sikap yang cukup baik dalam beribadah (berdoa, memuji Tuhan, membaca dan merenungkan firman Tuhan dalam Alkitab) di sekolah dan gereja"
14,1,a,spiritual,b,"Menunjukkan sikap yang baik dalam beribadah (berdoa, memuji Tuhan, membaca dan merenungkan firman Tuhan dalam Alkitab) di sekolah dan gereja"
14,1,b,spiritual,c,"Menunjukkan sikap yang cukup baik dalam beribadah (berdoa, memuji Tuhan, membaca dan merenungkan firman Tuhan dalam Alkitab) di sekolah dan gereja"
15,1,a,spiritual,b,"Menunjukkan sikap yang baik dalam beribadah (berdoa, memuji Tuhan, membaca dan merenungkan firman Tuhan dalam Alkitab) di sekolah dan gereja"
15,1,b,spiritual,a,"Menunjukkan sikap yang sangat baik dalam beribadah (berdoa, memuji Tuhan, membaca dan merenungkan firman Tuhan dalam Alkitab) di sekolah dan gereja"
16,1,a,spiritual,b,"Menunjukkan sikap yang baik dalam beribadah (berdoa, memuji Tuhan, membaca dan merenungkan firman Tuhan dalam Alkitab) di sekolah dan gereja"
16,1,b,spiritual,b,"Menunjukkan sikap yang baik dalam beribadah (berdoa, memuji Tuhan, membaca dan merenungkan firman Tuhan dalam Alkitab) di sekolah dan gereja"
17,1,a,spiritual,b,"Menunjukkan sikap yang baik dalam beribadah (berdoa, memuji Tuhan, membaca dan merenungkan firman Tuhan dalam Alkitab) di sekolah dan gereja"
17,1,b,spiritual,b,"Menunjukkan sikap yang baik dalam beribadah (berdoa, memuji Tuhan, membaca dan merenungkan firman Tuhan dalam Alkitab) di sekolah dan gereja"
18,1,a,spiritual,c,"Menunjukkan sikap yang cukup baik dalam beribadah (berdoa, memuji Tuhan, membaca dan merenungkan firman Tuhan dalam Alkitab) di sekolah dan gereja"
18,1,b,spiritual,c,"Menunjukkan sikap yang cukup baik dalam beribadah (berdoa, memuji Tuhan, membaca dan merenungkan firman Tuhan dalam Alkitab) di sekolah dan gereja"
19,1,a,spiritual,b,"Menunjukkan sikap yang baik dalam beribadah (berdoa, memuji Tuhan, membaca dan merenungkan firman Tuhan dalam Alkitab) di sekolah dan gereja"
19,1,b,spiritual,a,"Menunjukkan sikap yang sangat baik dalam beribadah (berdoa, memuji Tuhan, membaca dan merenungkan firman Tuhan dalam Alkitab) di sekolah dan gereja"
20,1,a,spiritual,a,"Menunjukkan sikap yang sangat baik dalam beribadah (berdoa, memuji Tuhan, membaca dan merenungkan firman Tuhan dalam Alkitab) di sekolah dan gereja"
20,1,b,spiritual,c,"Menunjukkan sikap yang cukup baik dalam beribadah (berdoa, memuji Tuhan, membaca dan merenungkan firman Tuhan dalam Alkitab) di sekolah dan gereja"
21,1,a,spiritual,c,"Menunjukkan sikap yang cukup baik dalam beribadah (berdoa, memuji Tuhan, membaca dan merenungkan firman Tuhan dalam Alkitab) di sekolah dan gereja"
21,1,b,spiritual,a,"Menunjukkan sikap yang sangat baik dalam beribadah (berdoa, memuji Tuhan, membaca dan merenungkan firman Tuhan dalam Alkitab) di sekolah dan gereja"
28,1,a,spiritual,b,"Menunjukkan sikap yang baik dalam beribadah (berdoa, memuji Tuhan, membaca dan merenungkan firman Tuhan dalam Alkitab) di sekolah dan gereja"
28,1,b,spiritual,a,"Menunjukkan sikap yang sangat baik dalam beribadah (berdoa, memuji Tuhan, membaca dan merenungkan firman Tuhan dalam Alkitab) di sekolah dan gereja"
29,1,a,spiritual,c,"Menunjukkan sikap yang cukup baik dalam beribadah (berdoa, memuji Tuhan, membaca dan merenungkan firman Tuhan dalam Alkitab) di sekolah dan gereja"
29,1,b,spiritual,c,"Menunjukkan sikap yang cukup baik dalam beribadah (berdoa, memuji Tuhan, membaca dan merenungkan firman Tuhan dalam Alkitab) di sekolah dan gereja"
30,1,a,spiritual,b,"Menunjukkan sikap yang baik dalam beribadah (berdoa, memuji Tuhan, membaca dan merenungkan firman Tuhan dalam Alkitab) di sekolah dan gereja"
30,1,b,spiritual,b,"Menunjukkan sikap yang baik dalam beribadah (berdoa, memuji Tuhan, membaca dan merenungkan firman Tuhan dalam Alkitab) di sekolah dan gereja"
31,1,a,spiritual,c,"Menunjukkan sikap yang cukup baik dalam beribadah (berdoa, memuji Tuhan, membaca dan merenungkan firman Tuhan dalam Alkitab) di sekolah dan gereja"
31,1,b,spiritual,c,"Menunjukkan sikap yang cukup baik dalam beribadah (berdoa, memuji Tuhan, membaca dan merenungkan firman Tuhan dalam Alkitab) di sekolah dan gereja"
32,1,a,spiritual,a,"Menunjukkan sikap yang sangat baik dalam beribadah (berdoa, memuji Tuhan, membaca dan merenungkan firman Tuhan dalam Alkitab) di sekolah dan gereja"
32,1,b,spiritual,c,"Menunjukkan sikap yang cukup baik dalam beribadah (berdoa, memuji Tuhan, membaca dan merenungkan firman Tuhan dalam Alkitab) di sekolah dan gereja"
33,1,a,spiritual,a,"Menunjukkan sikap yang sangat baik dalam beribadah (berdoa, memuji Tuhan, membaca dan merenungkan firman Tuhan dalam Alkitab) di sekolah dan gereja"
33,1,b,spiritual,b,"Menunjukkan sikap yang baik dalam beribadah (berdoa, memuji Tuhan, membaca dan merenungkan firman Tuhan dalam Alkitab) di sekolah dan gereja"
34,1,a,spiritual,b,"Menunjukkan sikap yang baik dalam beribadah (berdoa, memuji Tuhan, membaca dan merenungkan firman Tuhan dalam Alkitab) di sekolah dan gereja"
34,1,b,spiritual,a,"Menunjukkan sikap yang sangat baik dalam beribadah (berdoa, memuji Tuhan, membaca dan merenungkan firman Tuhan dalam Alkitab) di sekolah dan gereja"
35,1,a,spiritual,b,"Menunjukkan sikap yang baik dalam beribadah (berdoa, memuji Tuhan, membaca dan merenungkan firman Tuhan dalam Alkitab) di sekolah dan gereja"
35,1,b,spiritual,a,"Menunjukkan sikap yang sangat baik dalam beribadah (berdoa, memuji Tuhan, membaca dan merenungkan firman Tuhan dalam Alkitab) di sekolah dan gereja"
36,1,a,spiritual,a,"Menunjukkan sikap yang sangat baik dalam beribadah (berdoa, memuji Tuhan, membaca dan merenungkan firman Tuhan dalam Alkitab) di sekolah dan gereja"
36,1,b,spiritual,c,"Menunjukkan sikap yang cukup baik dalam beribadah (berdoa, memuji Tuhan, membaca dan merenungkan firman Tuhan dalam Alkitab) di sekolah dan gereja"
37,1,a,spiritual,b,"Menunjukkan sikap yang baik dalam beribadah (berdoa, memuji Tuhan, membaca dan merenungkan firman Tuhan dalam Alkitab) di sekolah dan gereja"
37,1,b,spiritual,a,"Menunjukkan sikap yang sangat baik dalam beribadah (berdoa, memuji Tuhan, membaca dan merenungkan firman Tuhan dalam Alkitab) di sekolah dan gereja"
38,1,a,spiritual,b,"Menunjukkan sikap yang baik dalam beribadah (berdoa, memuji Tuhan, membaca dan merenungkan firman Tuhan dalam Alkitab) di sekolah dan gereja"
38,1,b,spiritual,a,"Menunjukkan sikap yang sangat baik dalam beribadah (berdoa, memuji Tuhan, membaca dan merenungkan firman Tuhan dalam Alkitab) di sekolah dan gereja"
39,1,a,spiritual,c,"Menunjukkan sikap yang cukup baik dalam beribadah (berdoa, memuji Tuhan, membaca dan merenungkan firman Tuhan dalam Alkitab) di sekolah dan gereja"
39,1,b,spiritual,c,"Menunjukkan sikap yang cukup baik dalam beribadah (berdoa, memuji Tuhan, membaca dan merenungkan firman Tuhan dalam Alkitab) di sekolah dan gereja"
40,1,a,spiritual,a,"Menunjukkan sikap yang sangat baik dalam beribadah (berdoa, memuji Tuhan, membaca dan merenungkan firman Tuhan dalam Alkitab) di sekolah dan gereja"
40,1,b,spiritual,b,"Menunjukkan sikap yang baik dalam beribadah (berdoa, memuji Tuhan, membaca dan merenungkan firman Tuhan dalam Alkitab) di sekolah dan gereja"
41,1,a,spiritual,a,"Menunjukkan sikap yang sangat baik dalam beribadah (berdoa, memuji Tuhan, membaca dan merenungkan firman Tuhan dalam Alkitab) di sekolah dan gereja"
41,1,b,spiritual,b,"Menunjukkan sikap yang baik dalam beribadah (berdoa, memuji Tuhan, membaca dan merenungkan firman Tuhan dalam Alkitab) di sekolah dan gereja"
42,1,a,spiritual,a,"Menunjukkan sikap yang sangat baik dalam beribadah (berdoa, memuji Tuhan, membaca dan merenungkan firman Tuhan dalam Alkitab) di sekolah dan gereja"
42,1,b,spiritual,c,"Menunjukkan sikap yang cukup baik dalam beribadah (berdoa, memuji Tuhan, membaca dan merenungkan firman Tuhan dalam Alkitab) di sekolah dan gereja"
43,1,a,spiritual,b,"Menunjukkan sikap yang baik dalam beribadah (berdoa, memuji Tuhan, membaca dan merenungkan firman Tuhan dalam Alkitab) di sekolah dan gereja"
43,1,b,spiritual,c,"Menunjukkan sikap yang cukup baik dalam beribadah (berdoa, memuji Tuhan, membaca dan merenungkan firman Tuhan dalam Alkitab) di sekolah dan gereja"
44,1,a,spiritual,b,"Menunjukkan sikap yang baik dalam beribadah (berdoa, memuji Tuhan, membaca dan merenungkan firman Tuhan dalam Alkitab) di sekolah dan gereja"
44,1,b,spiritual,c,"Menunjukkan sikap yang cukup baik dalam beribadah (berdoa, memuji Tuhan, membaca dan merenungkan firman Tuhan dalam Alkitab) di sekolah dan gereja"
45,1,a,spiritual,a,"Menunjukkan sikap yang sangat baik dalam beribadah (berdoa, memuji Tuhan, membaca dan merenungkan firman Tuhan dalam Alkitab) di sekolah dan gereja"
45,1,b,spiritual,c,"Menunjukkan sikap yang cukup baik dalam beribadah (berdoa, memuji Tuhan, membaca dan merenungkan firman Tuhan dalam Alkitab) di sekolah dan gereja"
46,1,a,spiritual,c,"Menunjukkan sikap yang cukup baik dalam beribadah (berdoa, memuji Tuhan, membaca dan merenungkan firman Tuhan dalam Alkitab) di sekolah dan gereja"
46,1,b,spiritual,b,"Menunjukkan sikap yang baik dalam beribadah (berdoa, memuji Tuhan, membaca dan merenungkan firman Tuhan dalam Alkitab) di sekolah dan gereja"
47,1,a,spiritual,a,"Menunjukkan sikap yang sangat baik dalam beribadah (berdoa, memuji Tuhan, membaca dan merenungkan firman Tuhan dalam Alkitab) di sekolah dan gereja"
47,1,b,spiritual,b,"Menunjukkan sikap yang baik dalam beribadah (berdoa, memuji Tuhan, membaca dan merenungkan firman Tuhan dalam Alkitab) di sekolah dan gereja"
48,1,a,spiritual,c,"Menunjukkan sikap yang cukup baik dalam beribadah (berdoa, memuji Tuhan, membaca dan merenungkan firman Tuhan dalam Alkitab) di sekolah dan gereja"
48,1,b,spiritual,b,"Menunjukkan sikap yang baik dalam beribadah (berdoa, memuji Tuhan, membaca dan merenungkan firman Tuhan dalam Alkitab) di sekolah dan gereja"
49,1,a,spiritual,c,"Menunjukkan sikap yang cukup baik dalam beribadah (berdoa, memuji Tuhan, membaca dan merenungkan firman Tuhan dalam Alkitab) di sekolah dan gereja"
49,1,b,spiritual,c,"Menunjukkan sikap yang cukup baik dalam beribadah (berdoa, memuji Tuhan, membaca dan merenungkan firman Tuhan dalam Alkitab) di sekolah dan gereja"
50,1,a,spiritual,c,"Menunjukkan sikap yang cukup baik dalam beribadah (berdoa, memuji Tuhan, membaca dan merenungkan firman Tuhan dalam Alkitab) di sekolah dan gereja"
50,1,b,spiritual,c,"Menunjukkan sikap yang cukup baik dalam beribadah (berdoa, memuji Tuhan, membaca dan merenungkan firman Tuhan dalam Alkitab) di sekolah dan gereja"
51,1,a,spiritual,a,"Menunjukkan sikap yang sangat baik dalam beribadah (berdoa, memuji Tuhan, membaca dan merenungkan firman Tuhan dalam Alkitab) di sekolah dan gereja"
51,1,b,spiritual,b,"Menunjukkan sikap yang baik dalam beribadah (berdoa, memuji Tuhan, membaca dan merenungkan firman Tuhan dalam Alkitab) di sekolah dan gereja"
52,1,a,spiritual,a,"Menunjukkan sikap yang sangat baik dalam beribadah (berdoa, memuji Tuhan, membaca dan merenungkan firman Tuhan dalam Alkitab) di sekolah dan gereja"
52,1,b,spiritual,a,"Menunjukkan sikap yang sangat baik dalam beribadah (berdoa, memuji Tuhan, membaca dan merenungkan firman Tuhan dalam Alkitab) di sekolah dan gereja"
53,1,a,spiritual,c,"Menunjukkan sikap yang cukup baik dalam beribadah (berdoa, memuji Tuhan, membaca dan merenungkan firman Tuhan dalam Alkitab) di sekolah dan gereja"
53,1,b,spiritual,c,"Menunjukkan sikap yang cukup baik dalam beribadah (berdoa, memuji Tuhan, membaca dan merenungkan firman Tuhan dalam Alkitab) di sekolah dan gereja"
54,1,a,spiritual,c,"Menunjukkan sikap yang cukup baik dalam beribadah (berdoa, memuji Tuhan, membaca dan merenungkan firman Tuhan dalam Alkitab) di sekolah dan gereja"
54,1,b,spiritual,b,"Menunjukkan sikap yang baik dalam beribadah (berdoa, memuji Tuhan, membaca dan merenungkan firman Tuhan dalam Alkitab) di sekolah dan gereja"
55,1,a,spiritual,c,"Menunjukkan sikap yang cukup baik dalam beribadah (berdoa, memuji Tuhan, membaca dan merenungkan firman Tuhan dalam Alkitab) di sekolah dan gereja"
55,1,b,spiritual,b,"Menunjukkan sikap yang baik dalam beribadah (berdoa, memuji Tuhan, membaca dan merenungkan firman Tuhan dalam Alkitab) di sekolah dan gereja"
56,1,a,spiritual,c,"Menunjukkan sikap yang cukup baik dalam beribadah (berdoa, memuji Tuhan, membaca dan merenungkan firman Tuhan dalam Alkitab) di sekolah dan gereja"
56,1,b,spiritual,a,"Menunjukkan sikap yang sangat baik dalam beribadah (berdoa, memuji Tuhan, membaca dan merenungkan firman Tuhan dalam Alkitab) di sekolah dan gereja"
57,1,a,spiritual,a,"Menunjukkan sikap yang sangat baik dalam beribadah (berdoa, memuji Tuhan, membaca dan merenungkan firman Tuhan dalam Alkitab) di sekolah dan gereja"
57,1,b,spiritual,b,"Menunjukkan sikap yang baik dalam beribadah (berdoa, memuji Tuhan, membaca dan merenungkan firman Tuhan dalam Alkitab) di sekolah dan gereja"
58,1,a,spiritual,b,"Menunjukkan sikap yang baik dalam beribadah (berdoa, memuji Tuhan, membaca dan merenungkan firman Tuhan dalam Alkitab) di sekolah dan gereja"
58,1,b,spiritual,a,"Menunjukkan sikap yang sangat baik dalam beribadah (berdoa, memuji Tuhan, membaca dan merenungkan firman Tuhan dalam Alkitab) di sekolah dan gereja"
59,1,a,spiritual,b,"Menunjukkan sikap yang baik dalam beribadah (berdoa, memuji Tuhan, membaca dan merenungkan firman Tuhan dalam Alkitab) di sekolah dan gereja"
59,1,b,spiritual,a,"Menunjukkan sikap yang sangat baik dalam beribadah (berdoa, memuji Tuhan, membaca dan merenungkan firman Tuhan dalam Alkitab) di sekolah dan gereja"
60,1,a,spiritual,a,"Menunjukkan sikap yang sangat baik dalam beribadah (berdoa, memuji Tuhan, membaca dan merenungkan firman Tuhan dalam Alkitab) di sekolah dan gereja"
60,1,b,spiritual,b,"Menunjukkan sikap yang baik dalam beribadah (berdoa, memuji Tuhan, membaca dan merenungkan firman Tuhan dalam Alkitab) di sekolah dan gereja"
61,1,a,spiritual,b,"Menunjukkan sikap yang baik dalam beribadah (berdoa, memuji Tuhan, membaca dan merenungkan firman Tuhan dalam Alkitab) di sekolah dan gereja"
61,1,b,spiritual,b,"Menunjukkan sikap yang baik dalam beribadah (berdoa, memuji Tuhan, membaca dan merenungkan firman Tuhan dalam Alkitab) di sekolah dan gereja"
62,1,a,spiritual,c,"Menunjukkan sikap yang cukup baik dalam beribadah (berdoa, memuji Tuhan, membaca dan merenungkan firman Tuhan dalam Alkitab) di sekolah dan gereja"
62,1,b,spiritual,b,"Menunjukkan sikap yang baik dalam beribadah (berdoa, memuji Tuhan, membaca dan merenungkan firman Tuhan dalam Alkitab) di sekolah dan gereja"
63,1,a,spiritual,a,"Menunjukkan sikap yang sangat baik dalam beribadah (berdoa, memuji Tuhan, membaca dan merenungkan firman Tuhan dalam Alkitab) di sekolah dan gereja"
63,1,b,spiritual,a,"Menunjukkan sikap yang sangat baik dalam beribadah (berdoa, memuji Tuhan, membaca dan merenungkan firman Tuhan dalam Alkitab) di sekolah dan gereja"
64,1,a,spiritual,c,"Menunjukkan sikap yang cukup baik dalam beribadah (berdoa, memuji Tuhan, membaca dan merenungkan firman Tuhan dalam Alkitab) di sekolah dan gereja"
64,1,b,spiritual,a,"Menunjukkan sikap yang sangat baik dalam beribadah (berdoa, memuji Tuhan, membaca dan merenungkan firman Tuhan dalam Alkitab) di sekolah dan gereja"
65,1,a,spiritual,c,"Menunjukkan sikap yang cukup baik dalam beribadah (berdoa, memuji Tuhan, membaca dan merenungkan firman Tuhan dalam Alkitab) di sekolah dan gereja"
65,1,b,spiritual,a,"Menunjukkan sikap yang sangat baik dalam beribadah (berdoa, memuji Tuhan, membaca dan merenungkan firman Tuhan dalam Alkitab) di sekolah dan gereja"
66,1,a,spiritual,a,"Menunjukkan sikap yang sangat baik dalam beribadah (berdoa, memuji Tuhan, membaca dan merenungkan firman Tuhan dalam Alkitab) di sekolah dan gereja"
66,1,b,spiritual,c,"Menunjukkan sikap yang cukup baik dalam beribadah (berdoa, memuji Tuhan, membaca dan merenungkan firman Tuhan dalam Alkitab) di sekolah dan gereja"
67,1,a,spiritual,b,"Menunjukkan sikap yang baik dalam beribadah (berdoa, memuji Tuhan, membaca dan merenungkan firman Tuhan dalam Alkitab) di sekolah dan gereja"
67,1,b,spiritual,a,"Menunjukkan sikap yang sangat baik dalam beribadah (berdoa, memuji Tuhan, membaca dan merenungkan firman Tuhan dalam Alkitab) di sekolah dan gereja"
68,1,a,spiritual,c,"Menunjukkan sikap yang cukup baik dalam beribadah (berdoa, memuji Tuhan, membaca dan merenungkan firman Tuhan dalam Alkitab) di sekolah dan gereja"
68,1,b,spiritual,a,"Menunjukkan sikap yang sangat baik dalam beribadah (berdoa, memuji Tuhan, membaca dan merenungkan firman Tuhan dalam Alkitab) di sekolah dan gereja"
69,1,a,spiritual,c,"Menunjukkan sikap yang cukup baik dalam beribadah (berdoa, memuji Tuhan, membaca dan merenungkan firman Tuhan dalam Alkitab) di sekolah dan gereja"
69,1,b,spiritual,a,"Menunjukkan sikap yang sangat baik dalam beribadah (berdoa, memuji Tuhan, membaca dan merenungkan firman Tuhan dalam Alkitab) di sekolah dan gereja"
70,1,a,spiritual,c,"Menunjukkan sikap yang cukup baik dalam beribadah (berdoa, memuji Tuhan, membaca dan merenungkan firman Tuhan dalam Alkitab) di sekolah dan gereja"
70,1,b,spiritual,a,"Menunjukkan sikap yang sangat baik dalam beribadah (berdoa, memuji Tuhan, membaca dan merenungkan firman Tuhan dalam Alkitab) di sekolah dan gereja"
71,1,a,spiritual,b,"Menunjukkan sikap yang baik dalam beribadah (berdoa, memuji Tuhan, membaca dan merenungkan firman Tuhan dalam Alkitab) di sekolah dan gereja"
71,1,b,spiritual,b,"Menunjukkan sikap yang baik dalam beribadah (berdoa, memuji Tuhan, membaca dan merenungkan firman Tuhan dalam Alkitab) di sekolah dan gereja"
72,1,a,spiritual,a,"Menunjukkan sikap yang sangat baik dalam beribadah (berdoa, memuji Tuhan, membaca dan merenungkan firman Tuhan dalam Alkitab) di sekolah dan gereja"
72,1,b,spiritual,b,"Menunjukkan sikap yang baik dalam beribadah (berdoa, memuji Tuhan, membaca dan merenungkan firman Tuhan dalam Alkitab) di sekolah dan gereja"
73,1,a,spiritual,b,"Menunjukkan sikap yang baik dalam beribadah (berdoa, memuji Tuhan, membaca dan merenungkan firman Tuhan dalam Alkitab) di sekolah dan gereja"
73,1,b,spiritual,c,"Menunjukkan sikap yang cukup baik dalam beribadah (berdoa, memuji Tuhan, membaca dan merenungkan firman Tuhan dalam Alkitab) di sekolah dan gereja"
74,1,a,spiritual,c,"Menunjukkan sikap yang cukup baik dalam beribadah (berdoa, memuji Tuhan, membaca dan merenungkan firman Tuhan dalam Alkitab) di sekolah dan gereja"
74,1,b,spiritual,a,"Menunjukkan sikap yang sangat baik dalam beribadah (berdoa, memuji Tuhan, membaca dan merenungkan firman Tuhan dalam Alkitab) di sekolah dan gereja"
75,1,a,spiritual,a,"Menunjukkan sikap yang sangat baik dalam beribadah (berdoa, memuji Tuhan, membaca dan merenungkan firman Tuhan dalam Alkitab) di sekolah dan gereja"
75,1,b,spiritual,a,"Menunjukkan sikap yang sangat baik dalam beribadah (berdoa, memuji Tuhan, membaca dan merenungkan firman Tuhan dalam Alkitab) di sekolah dan gereja"
76,1,a,spiritual,a,"Menunjukkan sikap yang sangat baik dalam beribadah (berdoa, memuji Tuhan, membaca dan merenungkan firman Tuhan dalam Alkitab) di sekolah dan gereja"
76,1,b,spiritual,c,"Menunjukkan sikap yang cukup baik dalam beribadah (berdoa, memuji Tuhan, membaca dan merenungkan firman Tuhan dalam Alkitab) di sekolah dan gereja"
77,1,a,spiritual,a,"Menunjukkan sikap yang sangat baik dalam beribadah (berdoa, memuji Tuhan, membaca dan merenungkan firman Tuhan dalam Alkitab) di sekolah dan gereja"
77,1,b,spiritual,b,"Menunjukkan sikap yang baik dalam beribadah (berdoa, memuji Tuhan, membaca dan merenungkan firman Tuhan dalam Alkitab) di sekolah dan gereja"
78,1,a,spiritual,b,"Menunjukkan sikap yang baik dalam beribadah (berdoa, memuji Tuhan, membaca dan merenungkan firman Tuhan dalam Alkitab) di sekolah dan gereja"
78,1,b,spiritual,c,"Menunjukkan sikap yang cukup baik dalam beribadah (berdoa, memuji Tuhan, membaca dan merenungkan firman Tuhan dalam Alkitab) di sekolah dan gereja"
79,1,a,spiritual,a,"Menunjukkan sikap yang sangat baik dalam beribadah (berdoa, memuji Tuhan, membaca dan merenungkan firman Tuhan dalam Alkitab) di sekolah dan gereja"
79,1,b,spiritual,a,"Menunjukkan sikap yang sangat baik dalam beribadah (berdoa, memuji Tuhan, membaca dan merenungkan firman Tuhan dalam Alkitab) di sekolah dan gereja"
80,1,a,spiritual,b,"Menunjukkan sikap yang baik dalam beribadah (berdoa, memuji Tuhan, membaca dan merenungkan firman Tuhan dalam Alkitab) di sekolah dan gereja"
80,1,b,spiritual,b,"Menunjukkan sikap yang baik dalam beribadah (berdoa, memuji Tuhan, membaca dan merenungkan firman Tuhan dalam Alkitab) di sekolah dan gereja"
81,1,a,spiritual,a,"Menunjukkan sikap yang sangat baik dalam beribadah (berdoa, memuji Tuhan, membaca dan merenungkan firman Tuhan dalam Alkitab) di sekolah dan gereja"
81,1,b,spiritual,a,"Menunjukkan sikap yang sangat baik dalam beribadah (berdoa, memuji Tuhan, membaca dan merenungkan firman Tuhan dalam Alkitab) di sekolah dan gereja"
82,1,a,spiritual,c,"Menunjukkan sikap yang cukup baik dalam beribadah (berdoa, memuji Tuhan, membaca dan merenungkan firman Tuhan dalam Alkitab) di sekolah dan gereja"
82,1,b,spiritual,a,"Menunjukkan sikap yang sangat baik dalam beribadah (berdoa, memuji Tuhan, membaca dan merenungkan firman Tuhan dalam Alkitab) di sekolah dan gereja"
83,1,a,spiritual,b,"Menunjukkan sikap yang baik dalam beribadah (berdoa, memuji Tuhan, membaca dan merenungkan firman Tuhan dalam Alkitab) di sekolah dan gereja"
83,1,b,spiritual,c,"Menunjukkan sikap yang cukup baik dalam beribadah (berdoa, memuji Tuhan, membaca dan merenungkan firman Tuhan dalam Alkitab) di sekolah dan gereja"
84,1,a,spiritual,b,"Menunjukkan sikap yang baik dalam beribadah (berdoa, memuji Tuhan, membaca dan merenungkan firman Tuhan dalam Alkitab) di sekolah dan gereja"
84,1,b,spiritual,a,"Menunjukkan sikap yang sangat baik dalam beribadah (berdoa, memuji Tuhan, membaca dan merenungkan firman Tuhan dalam Alkitab) di sekolah dan gereja"
85,1,a,spiritual,b,"Menunjukkan sikap yang baik dalam beribadah (berdoa, memuji Tuhan, membaca dan merenungkan firman Tuhan dalam Alkitab) di sekolah dan gereja"
85,1,b,spiritual,b,"Menunjukkan sikap yang baik dalam beribadah (berdoa, memuji Tuhan, membaca dan merenungkan firman Tuhan dalam Alkitab) di sekolah dan gereja"
86,1,a,spiritual,c,"Menunjukkan sikap yang cukup baik dalam beribadah (berdoa, memuji Tuhan, membaca dan merenungkan firman Tuhan dalam Alkitab) di sekolah dan gereja"
86,1,b,spiritual,c,"Menunjukkan sikap yang cukup baik dalam beribadah (berdoa, memuji Tuhan, membaca dan merenungkan firman Tuhan dalam Alkitab) di sekolah dan gereja"
87,1,a,spiritual,c,"Menunjukkan sikap yang cukup baik dalam beribadah (berdoa, memuji Tuhan, membaca dan merenungkan firman Tuhan dalam Alkitab) di sekolah dan gereja"
87,1,b,spiritual,c,"Menunjukkan sikap yang cukup baik dalam beribadah (berdoa, memuji Tuhan, membaca dan merenungkan firman Tuhan dalam Alkitab) di sekolah dan gereja"
88,1,a,spiritual,c,"Menunjukkan sikap yang cukup baik dalam beribadah (berdoa, memuji Tuhan, membaca dan merenungkan firman Tuhan dalam Alkitab) di sekolah dan gereja"
88,1,b,spiritual,a,"Menunjukkan sikap yang sangat baik dalam beribadah (berdoa, memuji Tuhan, membaca dan merenungkan firman Tuhan dalam Alkitab) di sekolah dan gereja"
89,1,a,spiritual,b,"Menunjukkan sikap yang baik dalam beribadah (berdoa, memuji Tuhan, membaca dan merenungkan firman Tuhan dalam Alkitab) di sekolah dan gereja"
89,1,b,spiritual,a,"Menunjukkan sikap yang sangat baik dalam beribadah (berdoa, memuji Tuhan, membaca dan merenungkan firman Tuhan dalam Alkitab) di sekolah dan gereja"
90,1,a,spiritual,b,"Menunjukkan sikap yang baik dalam beribadah (berdoa, memuji Tuhan, membaca dan merenungkan firman Tuhan dalam Alkitab) di sekolah dan gereja"
90,1,b,spiritual,a,"Menunjukkan sikap yang sangat baik dalam beribadah (berdoa, memuji Tuhan, membaca dan merenungkan firman Tuhan dalam Alkitab) di sekolah dan gereja"
91,1,a,spiritual,c,"Menunjukkan sikap yang cukup baik dalam beribadah (berdoa, memuji Tuhan, membaca dan merenungkan firman Tuhan dalam Alkitab) di sekolah dan gereja"
91,1,b,spiritual,a,"Menunjukkan sikap yang sangat baik dalam beribadah (berdoa, memuji Tuhan, membaca dan merenungkan firman Tuhan dalam Alkitab) di sekolah dan gereja"
92,1,a,spiritual,c,"Menunjukkan sikap yang cukup baik dalam beribadah (berdoa, memuji Tuhan, membaca dan merenungkan firman Tuhan dalam Alkitab) di sekolah dan gereja"
92,1,b,spiritual,b,"Menunjukkan sikap yang baik dalam beribadah (berdoa, memuji Tuhan, membaca dan merenungkan firman Tuhan dalam Alkitab) di sekolah dan gereja"
105,1,a,spiritual,a,"Menunjukkan sikap yang sangat baik dalam beribadah (berdoa, memuji Tuhan, membaca dan merenungkan firman Tuhan dalam Alkitab) di sekolah dan gereja"
105,1,b,spiritual,c,"Menunjukkan sikap yang cukup baik dalam beribadah (berdoa, memuji Tuhan, membaca dan merenungkan firman Tuhan dalam Alkitab) di sekolah dan gereja"
106,1,a,spiritual,c,"Menunjukkan sikap yang cukup baik dalam beribadah (berdoa, memuji Tuhan, membaca dan merenungkan firman Tuhan dalam Alkitab) di sekolah dan gereja"
106,1,b,spiritual,b,"Menunjukkan sikap yang baik dalam beribadah (berdoa, memuji Tuhan, membaca dan merenungkan firman Tuhan dalam Alkitab) di sekolah dan gereja"
107,1,a,spiritual,c,"Menunjukkan sikap yang cukup baik dalam beribadah (berdoa, memuji Tuhan, membaca dan merenungkan firman Tuhan dalam Alkitab) di sekolah dan gereja"
107,1,b,spiritual,b,"Menunjukkan sikap yang baik dalam beribadah (berdoa, memuji Tuhan, membaca dan merenungkan firman Tuhan dalam Alkitab) di sekolah dan gereja"
108,1,a,spiritual,b,"Menunjukkan sikap yang baik dalam beribadah (berdoa, memuji Tuhan, membaca dan merenungkan firman Tuhan dalam Alkitab) di sekolah dan gereja"
108,1,b,spiritual,a,"Menunjukkan sikap yang sangat baik dalam beribadah (berdoa, memuji Tuhan, membaca dan merenungkan firman Tuhan dalam Alkitab) di sekolah dan gereja"
109,1,a,spiritual,c,"Menunjukkan sikap yang cukup baik dalam beribadah (berdoa, memuji Tuhan, membaca dan merenungkan firman Tuhan dalam Alkitab) di sekolah dan gereja"
109,1,b,spiritual,c,"Menunjukkan sikap yang cukup baik dalam beribadah (berdoa, memuji Tuhan, membaca dan merenungkan firman Tuhan dalam Alkitab) di sekolah dan gereja"
110,1,a,spiritual,a,"Menunjukkan sikap yang sangat baik dalam beribadah (berdoa, memuji Tuhan, membaca dan merenungkan firman Tuhan dalam Alkitab) di sekolah dan gereja"
110,1,b,spiritual,b,"Menunjukkan sikap yang baik dalam beribadah (berdoa, memuji Tuhan, membaca dan merenungkan firman Tuhan dalam Alkitab) di sekolah dan gereja"
111,1,a,spiritual,b,"Menunjukkan sikap yang baik dalam beribadah (berdoa, memuji Tuhan, membaca dan merenungkan firman Tuhan dalam Alkitab) di sekolah dan gereja"
111,1,b,spiritual,a,"Menunjukkan sikap yang sangat baik dalam beribadah (berdoa, memuji Tuhan, membaca dan merenungkan firman Tuhan dalam Alkitab) di sekolah dan gereja"
112,1,a,spiritual,c,"Menunjukkan sikap yang cukup baik dalam beribadah (berdoa, memuji Tuhan, membaca dan merenungkan firman Tuhan dalam Alkitab) di sekolah dan gereja"
112,1,b,spiritual,a,"Menunjukkan sikap yang sangat baik dalam beribadah (berdoa, memuji Tuhan, membaca dan merenungkan firman Tuhan dalam Alkitab) di sekolah dan gereja"
113,1,a,spiritual,b,"Menunjukkan sikap yang baik dalam beribadah (berdoa, memuji Tuhan, membaca dan merenungkan firman Tuhan dalam Alkitab) di sekolah dan gereja"
113,1,b,spiritual,c,"Menunjukkan sikap yang cukup baik dalam beribadah (berdoa, memuji Tuhan, membaca dan merenungkan firman Tuhan dalam Alkitab) di sekolah dan gereja"
114,1,a,spiritual,c,"Menunjukkan sikap yang cukup baik dalam beribadah (berdoa, memuji Tuhan, membaca dan merenungkan firman Tuhan dalam Alkitab) di sekolah dan gereja"
114,1,b,spiritual,b,"Menunjukkan sikap yang baik dalam beribadah (berdoa, memuji Tuhan, membaca dan merenungkan firman Tuhan dalam Alkitab) di sekolah dan gereja"
115,1,a,spiritual,b,"Menunjukkan sikap yang baik dalam beribadah (berdoa, memuji Tuhan, membaca dan merenungkan firman Tuhan dalam Alkitab) di sekolah dan gereja"
115,1,b,spiritual,b,"Menunjukkan sikap yang baik dalam beribadah (berdoa, memuji Tuhan, membaca dan merenungkan firman Tuhan dalam Alkitab) di sekolah dan gereja"
116,1,a,spiritual,b,"Menunjukkan sikap yang baik dalam beribadah (berdoa, memuji Tuhan, membaca dan merenungkan firman Tuhan dalam Alkitab) di sekolah dan gereja"
116,1,b,spiritual,c,"Menunjukkan sikap yang cukup baik dalam beribadah (berdoa, memuji Tuhan, membaca dan merenungkan firman Tuhan dalam Alkitab) di sekolah dan gereja"
117,1,a,spiritual,a,"Menunjukkan sikap yang sangat baik dalam beribadah (berdoa, memuji Tuhan, membaca dan merenungkan firman Tuhan dalam Alkitab) di sekolah dan gereja"
117,1,b,spiritual,c,"Menunjukkan sikap yang cukup baik dalam beribadah (berdoa, memuji Tuhan, membaca dan merenungkan firman Tuhan dalam Alkitab) di sekolah dan gereja"
118,1,a,spiritual,c,"Menunjukkan sikap yang cukup baik dalam beribadah (berdoa, memuji Tuhan, membaca dan merenungkan firman Tuhan dalam Alkitab) di sekolah dan gereja"
118,1,b,spiritual,c,"Menunjukkan sikap yang cukup baik dalam beribadah (berdoa, memuji Tuhan, membaca dan merenungkan firman Tuhan dalam Alkitab) di sekolah dan gereja"
119,1,a,spiritual,c,"Menunjukkan sikap yang cukup baik dalam beribadah (berdoa, memuji Tuhan, membaca dan merenungkan firman Tuhan dalam Alkitab) di sekolah dan gereja"
119,1,b,spiritual,b,"Menunjukkan sikap yang baik dalam beribadah (berdoa, memuji Tuhan, membaca dan merenungkan firman Tuhan dalam Alkitab) di sekolah dan gereja"
120,1,a,spiritual,a,"Menunjukkan sikap yang sangat baik dalam beribadah (berdoa, memuji Tuhan, membaca dan merenungkan firman Tuhan dalam Alkitab) di sekolah dan gereja"
120,1,b,spiritual,c,"Menunjukkan sikap yang cukup baik dalam beribadah (berdoa, memuji Tuhan, membaca dan merenungkan firman Tuhan dalam Alkitab) di sekolah dan gereja"
121,1,a,spiritual,a,"Menunjukkan sikap yang sangat baik dalam beribadah (berdoa, memuji Tuhan, membaca dan merenungkan firman Tuhan dalam Alkitab) di sekolah dan gereja"
121,1,b,spiritual,a,"Menunjukkan sikap yang sangat baik dalam beribadah (berdoa, memuji Tuhan, membaca dan merenungkan firman Tuhan dalam Alkitab) di sekolah dan gereja"
122,1,a,spiritual,c,"Menunjukkan sikap yang cukup baik dalam beribadah (berdoa, memuji Tuhan, membaca dan merenungkan firman Tuhan dalam Alkitab) di sekolah dan gereja"
122,1,b,spiritual,c,"Menunjukkan sikap yang cukup baik dalam beribadah (berdoa, memuji Tuhan, membaca dan merenungkan firman Tuhan dalam Alkitab) di sekolah dan gereja"
123,1,a,spiritual,a,"Menunjukkan sikap yang sangat baik dalam beribadah (berdoa, memuji Tuhan, membaca dan merenungkan firman Tuhan dalam Alkitab) di sekolah dan gereja"
123,1,b,spiritual,c,"Menunjukkan sikap yang cukup baik dalam beribadah (berdoa, memuji Tuhan, membaca dan merenungkan firman Tuhan dalam Alkitab) di sekolah dan gereja"
124,1,a,spiritual,a,"Menunjukkan sikap yang sangat baik dalam beribadah (berdoa, memuji Tuhan, membaca dan merenungkan firman Tuhan dalam Alkitab) di sekolah dan gereja"
124,1,b,spiritual,c,"Menunjukkan sikap yang cukup baik dalam beribadah (berdoa, memuji Tuhan, membaca dan merenungkan firman Tuhan dalam Alkitab) di sekolah dan gereja"
125,1,a,spiritual,c,"Menunjukkan sikap yang cukup baik dalam beribadah (berdoa, memuji Tuhan, membaca dan merenungkan firman Tuhan dalam Alkitab) di sekolah dan gereja"
125,1,b,spiritual,a,"Menunjukkan sikap yang sangat baik dalam beribadah (berdoa, memuji Tuhan, membaca dan merenungkan firman Tuhan dalam Alkitab) di sekolah dan gereja"
126,1,a,spiritual,c,"Menunjukkan sikap yang cukup baik dalam beribadah (berdoa, memuji Tuhan, membaca dan merenungkan firman Tuhan dalam Alkitab) di sekolah dan gereja"
126,1,b,spiritual,c,"Menunjukkan sikap yang cukup baik dalam beribadah (berdoa, memuji Tuhan, membaca dan merenungkan firman Tuhan dalam Alkitab) di sekolah dan gereja"
127,1,a,spiritual,c,"Menunjukkan sikap yang cukup baik dalam beribadah (berdoa, memuji Tuhan, membaca dan merenungkan firman Tuhan dalam Alkitab) di sekolah dan gereja"
127,1,b,spiritual,a,"Menunjukkan sikap yang sangat baik dalam beribadah (berdoa, memuji Tuhan, membaca dan merenungkan firman Tuhan dalam Alkitab) di sekolah dan gereja"
128,1,a,spiritual,a,"Menunjukkan sikap yang sangat baik dalam beribadah (berdoa, memuji Tuhan, membaca dan merenungkan firman Tuhan dalam Alkitab) di sekolah dan gereja"
128,1,b,spiritual,c,"Menunjukkan sikap yang cukup baik dalam beribadah (berdoa, memuji Tuhan, membaca dan merenungkan firman Tuhan dalam Alkitab) di sekolah dan gereja"
129,1,a,spiritual,b,"Menunjukkan sikap yang baik dalam beribadah (berdoa, memuji Tuhan, membaca dan merenungkan firman Tuhan dalam Alkitab) di sekolah dan gereja"
129,1,b,spiritual,b,"Menunjukkan sikap yang baik dalam beribadah (berdoa, memuji Tuhan, membaca dan merenungkan firman Tuhan dalam Alkitab) di sekolah dan gereja"
130,1,a,spiritual,a,"Menunjukkan sikap yang sangat baik dalam beribadah (berdoa, memuji Tuhan, membaca dan merenungkan firman Tuhan dalam Alkitab) di sekolah dan gereja"
130,1,b,spiritual,b,"Menunjukkan sikap yang baik dalam beribadah (berdoa, memuji Tuhan, membaca dan merenungkan firman Tuhan dalam Alkitab) di sekolah dan gereja"
131,1,a,spiritual,b,"Menunjukkan sikap yang baik dalam beribadah (berdoa, memuji Tuhan, membaca dan merenungkan firman Tuhan dalam Alkitab) di sekolah dan gereja"
131,1,b,spiritual,a,"Menunjukkan sikap yang sangat baik dalam beribadah (berdoa, memuji Tuhan, membaca dan merenungkan firman Tuhan dalam Alkitab) di sekolah dan gereja"
132,1,a,spiritual,c,"Menunjukkan sikap yang cukup baik dalam beribadah (berdoa, memuji Tuhan, membaca dan merenungkan firman Tuhan dalam Alkitab) di sekolah dan gereja"
132,1,b,spiritual,a,"Menunjukkan sikap yang sangat baik dalam beribadah (berdoa, memuji Tuhan, membaca dan merenungkan firman Tuhan dalam Alkitab) di sekolah dan gereja"
133,1,a,spiritual,b,"Menunjukkan sikap yang baik dalam beribadah (berdoa, memuji Tuhan, membaca dan merenungkan firman Tuhan dalam Alkitab) di sekolah dan gereja"
133,1,b,spiritual,b,"Menunjukkan sikap yang baik dalam beribadah (berdoa, memuji Tuhan, membaca dan merenungkan firman Tuhan dalam Alkitab) di sekolah dan gereja"
134,1,a,spiritual,a,"Menunjukkan sikap yang sangat baik dalam beribadah (berdoa, memuji Tuhan, membaca dan merenungkan firman Tuhan dalam Alkitab) di sekolah dan gereja"
134,1,b,spiritual,c,"Menunjukkan sikap yang cukup baik dalam beribadah (berdoa, memuji Tuhan, membaca dan merenungkan firman Tuhan dalam Alkitab) di sekolah dan gereja"
135,1,a,spiritual,c,"Menunjukkan sikap yang cukup baik dalam beribadah (berdoa, memuji Tuhan, membaca dan merenungkan firman Tuhan dalam Alkitab) di sekolah dan gereja"
135,1,b,spiritual,b,"Menunjukkan sikap yang baik dalam beribadah (berdoa, memuji Tuhan, membaca dan merenungkan firman Tuhan dalam Alkitab) di sekolah dan gereja"
136,1,a,spiritual,c,"Menunjukkan sikap yang cukup baik dalam beribadah (berdoa, memuji Tuhan, membaca dan merenungkan firman Tuhan dalam Alkitab) di sekolah dan gereja"
136,1,b,spiritual,c,"Menunjukkan sikap yang cukup baik dalam beribadah (berdoa, memuji Tuhan, membaca dan merenungkan firman Tuhan dalam Alkitab) di sekolah dan gereja"
137,1,a,spiritual,a,"Menunjukkan sikap yang sangat baik dalam beribadah (berdoa, memuji Tuhan, membaca dan merenungkan firman Tuhan dalam Alkitab) di sekolah dan gereja"
137,1,b,spiritual,b,"Menunjukkan sikap yang baik dalam beribadah (berdoa, memuji Tuhan, membaca dan merenungkan firman Tuhan dalam Alkitab) di sekolah dan gereja"
138,1,a,spiritual,c,"Menunjukkan sikap yang cukup baik dalam beribadah (berdoa, memuji Tuhan, membaca dan merenungkan firman Tuhan dalam Alkitab) di sekolah dan gereja"
138,1,b,spiritual,c,"Menunjukkan sikap yang cukup baik dalam beribadah (berdoa, memuji Tuhan, membaca dan merenungkan firman Tuhan dalam Alkitab) di sekolah dan gereja"
139,1,a,spiritual,c,"Menunjukkan sikap yang cukup baik dalam beribadah (berdoa, memuji Tuhan, membaca dan merenungkan firman Tuhan dalam Alkitab) di sekolah dan gereja"
139,1,b,spiritual,c,"Menunjukkan sikap yang cukup baik dalam beribadah (berdoa, memuji Tuhan, membaca dan merenungkan firman Tuhan dalam Alkitab) di sekolah dan gereja"
140,1,a,spiritual,b,"Menunjukkan sikap yang baik dalam beribadah (berdoa, memuji Tuhan, membaca dan merenungkan firman Tuhan dalam Alkitab) di sekolah dan gereja"
140,1,b,spiritual,c,"Menunjukkan sikap yang cukup baik dalam beribadah (berdoa, memuji Tuhan, membaca dan merenungkan firman Tuhan dalam Alkitab) di sekolah dan gereja"
141,1,a,spiritual,a,"Menunjukkan sikap yang sangat baik dalam beribadah (berdoa, memuji Tuhan, membaca dan merenungkan firman Tuhan dalam Alkitab) di sekolah dan gereja"
141,1,b,spiritual,c,"Menunjukkan sikap yang cukup baik dalam beribadah (berdoa, memuji Tuhan, membaca dan merenungkan firman Tuhan dalam Alkitab) di sekolah dan gereja"
142,1,a,spiritual,b,"Menunjukkan sikap yang baik dalam beribadah (berdoa, memuji Tuhan, membaca dan merenungkan firman Tuhan dalam Alkitab) di sekolah dan gereja"
142,1,b,spiritual,a,"Menunjukkan sikap yang sangat baik dalam beribadah (berdoa, memuji Tuhan, membaca dan merenungkan firman Tuhan dalam Alkitab) di sekolah dan gereja"
143,1,a,spiritual,a,"Menunjukkan sikap yang sangat baik dalam beribadah (berdoa, memuji Tuhan, membaca dan merenungkan firman Tuhan dalam Alkitab) di sekolah dan gereja"
143,1,b,spiritual,c,"Menunjukkan sikap yang cukup baik dalam beribadah (berdoa, memuji Tuhan, membaca dan merenungkan firman Tuhan dalam Alkitab) di sekolah dan gereja"
144,1,a,spiritual,c,"Menunjukkan sikap yang cukup baik dalam beribadah (berdoa, memuji Tuhan, membaca dan merenungkan firman Tuhan dalam Alkitab) di sekolah dan gereja"
144,1,b,spiritual,c,"Menunjukkan sikap yang cukup baik dalam beribadah (berdoa, memuji Tuhan, membaca dan merenungkan firman Tuhan dalam Alkitab) di sekolah dan gereja"
145,1,a,spiritual,a,"Menunjukkan sikap yang sangat baik dalam beribadah (berdoa, memuji Tuhan, membaca dan merenungkan firman Tuhan dalam Alkitab) di sekolah dan gereja"
145,1,b,spiritual,b,"Menunjukkan sikap yang baik dalam beribadah (berdoa, memuji Tuhan, membaca dan merenungkan firman Tuhan dalam Alkitab) di sekolah dan gereja"
146,1,a,spiritual,b,"Menunjukkan sikap yang baik dalam beribadah (berdoa, memuji Tuhan, membaca dan merenungkan firman Tuhan dalam Alkitab) di sekolah dan gereja"
146,1,b,spiritual,c,"Menunjukkan sikap yang cukup baik dalam beribadah (berdoa, memuji Tuhan, membaca dan merenungkan firman Tuhan dalam Alkitab) di sekolah dan gereja"
147,1,a,spiritual,b,"Menunjukkan sikap yang baik dalam beribadah (berdoa, memuji Tuhan, membaca dan merenungkan firman Tuhan dalam Alkitab) di sekolah dan gereja"
147,1,b,spiritual,b,"Menunjukkan sikap yang baik dalam beribadah (berdoa, memuji Tuhan, membaca dan merenungkan firman Tuhan dalam Alkitab) di sekolah dan gereja"
148,1,a,spiritual,b,"Menunjukkan sikap yang baik dalam beribadah (berdoa, memuji Tuhan, membaca dan merenungkan firman Tuhan dalam Alkitab) di sekolah dan gereja"
148,1,b,spiritual,b,"Menunjukkan sikap yang baik dalam beribadah (berdoa, memuji Tuhan, membaca dan merenungkan firman Tuhan dalam Alkitab) di sekolah dan gereja"
149,1,a,spiritual,a,"Menunjukkan sikap yang sangat baik dalam beribadah (berdoa, memuji Tuhan, membaca dan merenungkan firman Tuhan dalam Alkitab) di sekolah dan gereja"
149,1,b,spiritual,b,"Menunjukkan sikap yang baik dalam beribadah (berdoa, memuji Tuhan, membaca dan merenungkan firman Tuhan dalam Alkitab) di sekolah dan gereja"
150,1,a,spiritual,a,"Menunjukkan sikap yang sangat baik dalam beribadah (berdoa, memuji Tuhan, membaca dan merenungkan firman Tuhan dalam Alkitab) di sekolah dan gereja"
150,1,b,spiritual,c,"Menunjukkan sikap yang cukup baik dalam beribadah (berdoa, memuji Tuhan, membaca dan merenungkan firman Tuhan dalam Alkitab) di sekolah dan gereja"
151,1,a,spiritual,c,"Menunjukkan sikap yang cukup baik dalam beribadah (berdoa, memuji Tuhan, membaca dan merenungkan firman Tuhan dalam Alkitab) di sekolah dan gereja"
151,1,b,spiritual,c,"Menunjukkan sikap yang cukup baik dalam beribadah (berdoa, memuji Tuhan, membaca dan merenungkan firman Tuhan dalam Alkitab) di sekolah dan gereja"
152,1,a,spiritual,b,"Menunjukkan sikap yang baik dalam beribadah (berdoa, memuji Tuhan, membaca dan merenungkan firman Tuhan dalam Alkitab) di sekolah dan gereja"
152,1,b,spiritual,a,"Menunjukkan sikap yang sangat baik dalam beribadah (berdoa, memuji Tuhan, membaca dan merenungkan firman Tuhan dalam Alkitab) di sekolah dan gereja"
153,1,a,spiritual,b,"Menunjukkan sikap yang baik dalam beribadah (berdoa, memuji Tuhan, membaca dan merenungkan firman Tuhan dalam Alkitab) di sekolah dan gereja"
153,1,b,spiritual,a,"Menunjukkan sikap yang sangat baik dalam beribadah (berdoa, memuji Tuhan, membaca dan merenungkan firman Tuhan dalam Alkitab) di sekolah dan gereja"
154,1,a,spiritual,c,"Menunjukkan sikap yang cukup baik dalam beribadah (berdoa, memuji Tuhan, membaca dan merenungkan firman Tuhan dalam Alkitab) di sekolah dan gereja"
154,1,b,spiritual,b,"Menunjukkan sikap yang baik dalam beribadah (berdoa, memuji Tuhan, membaca dan merenungkan firman Tuhan dalam Alkitab) di sekolah dan gereja"
155,1,a,spiritual,a,"Menunjukkan sikap yang sangat baik dalam beribadah (berdoa, memuji Tuhan, membaca dan merenungkan firman Tuhan dalam Alkitab) di sekolah dan gereja"
155,1,b,spiritual,c,"Menunjukkan sikap yang cukup baik dalam beribadah (berdoa, memuji Tuhan, membaca dan merenungkan firman Tuhan dalam Alkitab) di sekolah dan gereja"
156,1,a,spiritual,a,"Menunjukkan sikap yang sangat baik dalam beribadah (berdoa, memuji Tuhan, membaca dan merenungkan firman Tuhan dalam Alkitab) di sekolah dan gereja"
156,1,b,spiritual,a,"Menunjukkan sikap yang sangat baik dalam beribadah (berdoa, memuji Tuhan, membaca dan merenungkan firman Tuhan dalam Alkitab) di sekolah dan gereja"
157,1,a,spiritual,a,"Menunjukkan sikap yang sangat baik dalam beribadah (berdoa, memuji Tuhan, membaca dan merenungkan firman Tuhan dalam Alkitab) di sekolah dan gereja"
157,1,b,spiritual,a,"Menunjukkan sikap yang sangat baik dalam beribadah (berdoa, memuji Tuhan, membaca dan merenungkan firman Tuhan dalam Alkitab) di sekolah dan gereja"
158,1,a,spiritual,a,"Menunjukkan sikap yang sangat baik dalam beribadah (berdoa, memuji Tuhan, membaca dan merenungkan firman Tuhan dalam Alkitab) di sekolah dan gereja"
158,1,b,spiritual,b,"Menunjukkan sikap yang baik dalam beribadah (berdoa, memuji Tuhan, membaca dan merenungkan firman Tuhan dalam Alkitab) di sekolah dan gereja"
159,1,a,spiritual,a,"Menunjukkan sikap yang sangat baik dalam beribadah (berdoa, memuji Tuhan, membaca dan merenungkan firman Tuhan dalam Alkitab) di sekolah dan gereja"
159,1,b,spiritual,c,"Menunjukkan sikap yang cukup baik dalam beribadah (berdoa, memuji Tuhan, membaca dan merenungkan firman Tuhan dalam Alkitab) di sekolah dan gereja"
160,1,a,spiritual,c,"Menunjukkan sikap yang cukup baik dalam beribadah (berdoa, memuji Tuhan, membaca dan merenungkan firman Tuhan dalam Alkitab) di sekolah dan gereja"
160,1,b,spiritual,a,"Menunjukkan sikap yang sangat baik dalam beribadah (berdoa, memuji Tuhan, membaca dan merenungkan firman Tuhan dalam Alkitab) di sekolah dan gereja"
161,1,a,spiritual,b,"Menunjukkan sikap yang baik dalam beribadah (berdoa, memuji Tuhan, membaca dan merenungkan firman Tuhan dalam Alkitab) di sekolah dan gereja"
161,1,b,spiritual,a,"Menunjukkan sikap yang sangat baik dalam beribadah (berdoa, memuji Tuhan, membaca dan merenungkan firman Tuhan dalam Alkitab) di sekolah dan gereja"
162,1,a,spiritual,a,"Menunjukkan sikap yang sangat baik dalam beribadah (berdoa, memuji Tuhan, membaca dan merenungkan firman Tuhan dalam Alkitab) di sekolah dan gereja"
162,1,b,spiritual,a,"Menunjukkan sikap yang sangat baik dalam beribadah (berdoa, memuji Tuhan, membaca dan merenungkan firman Tuhan dalam Alkitab) di sekolah dan gereja"
163,1,a,spiritual,b,"Menunjukkan sikap yang baik dalam beribadah (berdoa, memuji Tuhan, membaca dan merenungkan firman Tuhan dalam Alkitab) di sekolah dan gereja"
163,1,b,spiritual,a,"Menunjukkan sikap yang sangat baik dalam beribadah (berdoa, memuji Tuhan, membaca dan merenungkan firman Tuhan dalam Alkitab) di sekolah dan gereja"
164,1,a,spiritual,c,"Menunjukkan sikap yang cukup baik dalam beribadah (berdoa, memuji Tuhan, membaca dan merenungkan firman Tuhan dalam Alkitab) di sekolah dan gereja"
164,1,b,spiritual,b,"Menunjukkan sikap yang baik dalam beribadah (berdoa, memuji Tuhan, membaca dan merenungkan firman Tuhan dalam Alkitab) di sekolah dan gereja"
165,1,a,spiritual,a,"Menunjukkan sikap yang sangat baik dalam beribadah (berdoa, memuji Tuhan, membaca dan merenungkan firman Tuhan dalam Alkitab) di sekolah dan gereja"
165,1,b,spiritual,a,"Menunjukkan sikap yang sangat baik dalam beribadah (berdoa, memuji Tuhan, membaca dan merenungkan firman Tuhan dalam Alkitab) di sekolah dan gereja"
166,1,a,spiritual,b,"Menunjukkan sikap yang baik dalam beribadah (berdoa, memuji Tuhan, membaca dan merenungkan firman Tuhan dalam Alkitab) di sekolah dan gereja"
166,1,b,spiritual,c,"Menunjukkan sikap yang cukup baik dalam beribadah (berdoa, memuji Tuhan, membaca dan merenungkan firman Tuhan dalam Alkitab) di sekolah dan gereja"
167,1,a,spiritual,c,"Menunjukkan sikap yang cukup baik dalam beribadah (berdoa, memuji Tuhan, membaca dan merenungkan firman Tuhan dalam Alkitab) di sekolah dan gereja"
167,1,b,spiritual,c,"Menunjukkan sikap yang cukup baik dalam beribadah (berdoa, memuji Tuhan, membaca dan merenungkan firman Tuhan dalam Alkitab) di sekolah dan gereja"
168,1,a,spiritual,b,"Menunjukkan sikap yang baik dalam beribadah (berdoa, memuji Tuhan, membaca dan merenungkan firman Tuhan dalam Alkitab) di sekolah dan gereja"
168,1,b,spiritual,c,"Menunjukkan sikap yang cukup baik dalam beribadah (berdoa, memuji Tuhan, membaca dan merenungkan firman Tuhan dalam Alkitab) di sekolah dan gereja"
169,1,a,spiritual,c,"Menunjukkan sikap yang cukup baik dalam beribadah (berdoa, memuji Tuhan, membaca dan merenungkan firman Tuhan dalam Alkitab) di sekolah dan gereja"
169,1,b,spiritual,b,"Menunjukkan sikap yang baik dalam beribadah (berdoa, memuji Tuhan, membaca dan merenungkan firman Tuhan dalam Alkitab) di sekolah dan gereja"
170,1,a,spiritual,c,"Menunjukkan sikap yang cukup baik dalam beribadah (berdoa, memuji Tuhan, membaca dan merenungkan firman Tuhan dalam Alkitab) di sekolah dan gereja"
170,1,b,spiritual,b,"Menunjukkan sikap yang baik dalam beribadah (berdoa, memuji Tuhan, membaca dan merenungkan firman Tuhan dalam Alkitab) di sekolah dan gereja"
171,1,a,spiritual,b,"Menunjukkan sikap yang baik dalam beribadah (berdoa, memuji Tuhan, membaca dan merenungkan firman Tuhan dalam Alkitab) di sekolah dan gereja"
171,1,b,spiritual,a,"Menunjukkan sikap yang sangat baik dalam beribadah (berdoa, memuji Tuhan, membaca dan merenungkan firman Tuhan dalam Alkitab) di sekolah dan gereja"
172,1,a,spiritual,a,"Menunjukkan sikap yang sangat baik dalam beribadah (berdoa, memuji Tuhan, membaca dan merenungkan firman Tuhan dalam Alkitab) di sekolah dan gereja"
172,1,b,spiritual,c,"Menunjukkan sikap yang cukup baik dalam beribadah (berdoa, memuji Tuhan, membaca dan merenungkan firman Tuhan dalam Alkitab) di sekolah dan gereja"
173,1,a,spiritual,c,"Menunjukkan sikap yang cukup baik dalam beribadah (berdoa, memuji Tuhan, membaca dan merenungkan firman Tuhan dalam Alkitab) di sekolah dan gereja"
173,1,b,spiritual,c,"Menunjukkan sikap yang cukup baik dalam beribadah (berdoa, memuji Tuhan, membaca dan merenungkan firman Tuhan dalam Alkitab) di sekolah dan gereja"
174,1,a,spiritual,b,"Menunjukkan sikap yang baik dalam beribadah (berdoa, memuji Tuhan, membaca dan merenungkan firman Tuhan dalam Alkitab) di sekolah dan gereja"
174,1,b,spiritual,c,"Menunjukkan sikap yang cukup baik dalam beribadah (berdoa, memuji Tuhan, membaca dan merenungkan firman Tuhan dalam Alkitab) di sekolah dan gereja"
175,1,a,spiritual,c,"Menunjukkan sikap yang cukup baik dalam beribadah (berdoa, memuji Tuhan, membaca dan merenungkan firman Tuhan dalam Alkitab) di sekolah dan gereja"
175,1,b,spiritual,a,"Menunjukkan sikap yang sangat baik dalam beribadah (berdoa, memuji Tuhan, membaca dan merenungkan firman Tuhan dalam Alkitab) di sekolah dan gereja"
176,1,a,spiritual,c,"Menunjukkan sikap yang cukup baik dalam beribadah (berdoa, memuji Tuhan, membaca dan merenungkan firman Tuhan dalam Alkitab) di sekolah dan gereja"
176,1,b,spiritual,c,"Menunjukkan sikap yang cukup baik dalam beribadah (berdoa, memuji Tuhan, membaca dan merenungkan firman Tuhan dalam Alkitab) di sekolah dan gereja"
177,1,a,spiritual,a,"Menunjukkan sikap yang sangat baik dalam beribadah (berdoa, memuji Tuhan, membaca dan merenungkan firman Tuhan dalam Alkitab) di sekolah dan gereja"
177,1,b,spiritual,c,"Menunjukkan sikap yang cukup baik dalam beribadah (berdoa, memuji Tuhan, membaca dan merenungkan firman Tuhan dalam Alkitab) di sekolah dan gereja"
178,1,a,spiritual,a,"Menunjukkan sikap yang sangat baik dalam beribadah (berdoa, memuji Tuhan, membaca dan merenungkan firman Tuhan dalam Alkitab) di sekolah dan gereja"
178,1,b,spiritual,b,"Menunjukkan sikap yang baik dalam beribadah (berdoa, memuji Tuhan, membaca dan merenungkan firman Tuhan dalam Alkitab) di sekolah dan gereja"
179,1,a,spiritual,c,"Menunjukkan sikap yang cukup baik dalam beribadah (berdoa, memuji Tuhan, membaca dan merenungkan firman Tuhan dalam Alkitab) di sekolah dan gereja"
179,1,b,spiritual,c,"Menunjukkan sikap yang cukup baik dalam beribadah (berdoa, memuji Tuhan, membaca dan merenungkan firman Tuhan dalam Alkitab) di sekolah dan gereja"
12,1,a,sosial,a,Sangat baik dan disiplin dan dalam hal berinteraksi secara efektif dengan lingkungan socail dan alam dalam jangkauan pergaulan serta keberadaanya
12,1,b,sosial,b,Baik dan disiplin dan dalam hal berinteraksi secara efektif dengan lingkungan socail dan alam dalam jangkauan pergaulan serta keberadaanya
13,1,a,sosial,b,Baik dan disiplin dan dalam hal berinteraksi secara efektif dengan lingkungan socail dan alam dalam jangkauan pergaulan serta keberadaanya
13,1,b,sosial,a,Sangat baik dan disiplin dan dalam hal berinteraksi secara efektif dengan lingkungan socail dan alam dalam jangkauan pergaulan serta keberadaanya
14,1,a,sosial,b,Baik dan disiplin dan dalam hal berinteraksi secara efektif dengan lingkungan socail dan alam dalam jangkauan pergaulan serta keberadaanya
14,1,b,sosial,b,Baik dan disiplin dan dalam hal berinteraksi secara efektif dengan lingkungan socail dan alam dalam jangkauan pergaulan serta keberadaanya
15,1,a,sosial,b,Baik dan disiplin dan dalam hal berinteraksi secara efektif dengan lingkungan socail dan alam dalam jangkauan pergaulan serta keberadaanya
15,1,b,sosial,b,Baik dan disiplin dan dalam hal berinteraksi secara efektif dengan lingkungan socail dan alam dalam jangkauan pergaulan serta keberadaanya
16,1,a,sosial,b,Baik dan disiplin dan dalam hal berinteraksi secara efektif dengan lingkungan socail dan alam dalam jangkauan pergaulan serta keberadaanya
16,1,b,sosial,a,Sangat baik dan disiplin dan dalam hal berinteraksi secara efektif dengan lingkungan socail dan alam dalam jangkauan pergaulan serta keberadaanya
17,1,a,sosial,b,Baik dan disiplin dan dalam hal berinteraksi secara efektif dengan lingkungan socail dan alam dalam jangkauan pergaulan serta keberadaanya
17,1,b,sosial,c,Cukup baik dan disiplin dan dalam hal berinteraksi secara efektif dengan lingkungan socail dan alam dalam jangkauan pergaulan serta keberadaanya
18,1,a,sosial,b,Baik dan disiplin dan dalam hal berinteraksi secara efektif dengan lingkungan socail dan alam dalam jangkauan pergaulan serta keberadaanya
18,1,b,sosial,a,Sangat baik dan disiplin dan dalam hal berinteraksi secara efektif dengan lingkungan socail dan alam dalam jangkauan pergaulan serta keberadaanya
19,1,a,sosial,a,Sangat baik dan disiplin dan dalam hal berinteraksi secara efektif dengan lingkungan socail dan alam dalam jangkauan pergaulan serta keberadaanya
19,1,b,sosial,a,Sangat baik dan disiplin dan dalam hal berinteraksi secara efektif dengan lingkungan socail dan alam dalam jangkauan pergaulan serta keberadaanya
20,1,a,sosial,b,Baik dan disiplin dan dalam hal berinteraksi secara efektif dengan lingkungan socail dan alam dalam jangkauan pergaulan serta keberadaanya
20,1,b,sosial,a,Sangat baik dan disiplin dan dalam hal berinteraksi secara efektif dengan lingkungan socail dan alam dalam jangkauan pergaulan serta keberadaanya
21,1,a,sosial,a,Sangat baik dan disiplin dan dalam hal berinteraksi secara efektif dengan lingkungan socail dan alam dalam jangkauan pergaulan serta keberadaanya
21,1,b,sosial,a,Sangat baik dan disiplin dan dalam hal berinteraksi secara efektif dengan lingkungan socail dan alam dalam jangkauan pergaulan serta keberadaanya
28,1,a,sosial,c,Cukup baik dan disiplin dan dalam hal berinteraksi secara efektif dengan lingkungan socail dan alam dalam jangkauan pergaulan serta keberadaanya
28,1,b,sosial,a,Sangat baik dan disiplin dan dalam hal berinteraksi secara efektif dengan lingkungan socail dan alam dalam jangkauan pergaulan serta keberadaanya
29,1,a,sosial,c,Cukup baik dan disiplin dan dalam hal berinteraksi secara efektif dengan lingkungan socail dan alam dalam jangkauan pergaulan serta keberadaanya
29,1,b,sosial,b,Baik dan disiplin dan dalam hal berinteraksi secara efektif dengan lingkungan socail dan alam dalam jangkauan pergaulan serta keberadaanya
30,1,a,sosial,b,Baik dan disiplin dan dalam hal berinteraksi secara efektif dengan lingkungan socail dan alam dalam jangkauan pergaulan serta keberadaanya
30,1,b,sosial,c,Cukup baik dan disiplin dan dalam hal berinteraksi secara efektif dengan lingkungan socail dan alam dalam jangkauan pergaulan serta keberadaanya
31,1,a,sosial,c,Cukup baik dan disiplin dan dalam hal berinteraksi secara efektif dengan lingkungan socail dan alam dalam jangkauan pergaulan serta keberadaanya
31,1,b,sosial,b,Baik dan disiplin dan dalam hal berinteraksi secara efektif dengan lingkungan socail dan alam dalam jangkauan pergaulan serta keberadaanya
32,1,a,sosial,b,Baik dan disiplin dan dalam hal berinteraksi secara efektif dengan lingkungan socail dan alam dalam jangkauan pergaulan serta keberadaanya
32,1,b,sosial,b,Baik dan disiplin dan dalam hal berinteraksi secara efektif dengan lingkungan socail dan alam dalam jangkauan pergaulan serta keberadaanya
33,1,a,sosial,c,Cukup baik dan disiplin dan dalam hal berinteraksi secara efektif dengan lingkungan socail dan alam dalam jangkauan pergaulan serta keberadaanya
33,1,b,sosial,b,Baik dan disiplin dan dalam hal berinteraksi secara efektif dengan lingkungan socail dan alam dalam jangkauan pergaulan serta keberadaanya
34,1,a,sosial,a,Sangat baik dan disiplin dan dalam hal berinteraksi secara efektif dengan lingkungan socail dan alam dalam jangkauan pergaulan serta keberadaanya
34,1,b,sosial,b,Baik dan disiplin dan dalam hal berinteraksi secara efektif dengan lingkungan socail dan alam dalam jangkauan pergaulan serta keberadaanya
35,1,a,sosial,b,Baik dan disiplin dan dalam hal berinteraksi secara efektif dengan lingkungan socail dan alam dalam jangkauan pergaulan serta keberadaanya
35,1,b,sosial,a,Sangat baik dan disiplin dan dalam hal berinteraksi secara efektif dengan lingkungan socail dan alam dalam jangkauan pergaulan serta keberadaanya
36,1,a,sosial,c,Cukup baik dan disiplin dan dalam hal berinteraksi secara efektif dengan lingkungan socail dan alam dalam jangkauan pergaulan serta keberadaanya
36,1,b,sosial,b,Baik dan disiplin dan dalam hal berinteraksi secara efektif dengan lingkungan socail dan alam dalam jangkauan pergaulan serta keberadaanya
37,1,a,sosial,b,Baik dan disiplin dan dalam hal berinteraksi secara efektif dengan lingkungan socail dan alam dalam jangkauan pergaulan serta keberadaanya
37,1,b,sosial,c,Cukup baik dan disiplin dan dalam hal berinteraksi secara efektif dengan lingkungan socail dan alam dalam jangkauan pergaulan serta keberadaanya
38,1,a,sosial,c,Cukup baik dan disiplin dan dalam hal berinteraksi secara efektif dengan lingkungan socail dan alam dalam jangkauan pergaulan serta keberadaanya
38,1,b,sosial,c,Cukup baik dan disiplin dan dalam hal berinteraksi secara efektif dengan lingkungan socail dan alam dalam jangkauan pergaulan serta keberadaanya
39,1,a,sosial,a,Sangat baik dan disiplin dan dalam hal berinteraksi secara efektif dengan lingkungan socail dan alam dalam jangkauan pergaulan serta keberadaanya
39,1,b,sosial,b,Baik dan disiplin dan dalam hal berinteraksi secara efektif dengan lingkungan socail dan alam dalam jangkauan pergaulan serta keberadaanya
40,1,a,sosial,c,Cukup baik dan disiplin dan dalam hal berinteraksi secara efektif dengan lingkungan socail dan alam dalam jangkauan pergaulan serta keberadaanya
40,1,b,sosial,c,Cukup baik dan disiplin dan dalam hal berinteraksi secara efektif dengan lingkungan socail dan alam dalam jangkauan pergaulan serta keberadaanya
41,1,a,sosial,b,Baik dan disiplin dan dalam hal berinteraksi secara efektif dengan lingkungan socail dan alam dalam jangkauan pergaulan serta keberadaanya
41,1,b,sosial,c,Cukup baik dan disiplin dan dalam hal berinteraksi secara efektif dengan lingkungan socail dan alam dalam jangkauan pergaulan serta keberadaanya
42,1,a,sosial,b,Baik dan disiplin dan dalam hal berinteraksi secara efektif dengan lingkungan socail dan alam dalam jangkauan pergaulan serta keberadaanya
42,1,b,sosial,c,Cukup baik dan disiplin dan dalam hal berinteraksi secara efektif dengan lingkungan socail dan alam dalam jangkauan pergaulan serta keberadaanya
43,1,a,sosial,a,Sangat baik dan disiplin dan dalam hal berinteraksi secara efektif dengan lingkungan socail dan alam dalam jangkauan pergaulan serta keberadaanya
43,1,b,sosial,a,Sangat baik dan disiplin dan dalam hal berinteraksi secara efektif dengan lingkungan socail dan alam dalam jangkauan pergaulan serta keberadaanya
44,1,a,sosial,c,Cukup baik dan disiplin dan dalam hal berinteraksi secara efektif dengan lingkungan socail dan alam dalam jangkauan pergaulan serta keberadaanya
44,1,b,sosial,b,Baik dan disiplin dan dalam hal berinteraksi secara efektif dengan lingkungan socail dan alam dalam jangkauan pergaulan serta keberadaanya
45,1,a,sosial,b,Baik dan disiplin dan dalam hal berinteraksi secara efektif dengan lingkungan socail dan alam dalam jangkauan pergaulan serta keberadaanya
45,1,b,sosial,a,Sangat baik dan disiplin dan dalam hal berinteraksi secara efektif dengan lingkungan socail dan alam dalam jangkauan pergaulan serta keberadaanya
46,1,a,sosial,b,Baik dan disiplin dan dalam hal berinteraksi secara efektif dengan lingkungan socail dan alam dalam jangkauan pergaulan serta keberadaanya
46,1,b,sosial,a,Sangat baik dan disiplin dan dalam hal berinteraksi secara efektif dengan lingkungan socail dan alam dalam jangkauan pergaulan serta keberadaanya
47,1,a,sosial,b,Baik dan disiplin dan dalam hal berinteraksi secara efektif dengan lingkungan socail dan alam dalam jangkauan pergaulan serta keberadaanya
47,1,b,sosial,a,Sangat baik dan disiplin dan dalam hal berinteraksi secara efektif dengan lingkungan socail dan alam dalam jangkauan pergaulan serta keberadaanya
48,1,a,sosial,c,Cukup baik dan disiplin dan dalam hal berinteraksi secara efektif dengan lingkungan socail dan alam dalam jangkauan pergaulan serta keberadaanya
48,1,b,sosial,c,Cukup baik dan disiplin dan dalam hal berinteraksi secara efektif dengan lingkungan socail dan alam dalam jangkauan pergaulan serta keberadaanya
49,1,a,sosial,b,Baik dan disiplin dan dalam hal berinteraksi secara efektif dengan lingkungan socail dan alam dalam jangkauan pergaulan serta keberadaanya
49,1,b,sosial,b,Baik dan disiplin dan dalam hal berinteraksi secara efektif dengan lingkungan socail dan alam dalam jangkauan pergaulan serta keberadaanya
50,1,a,sosial,a,Sangat baik dan disiplin dan dalam hal berinteraksi secara efektif dengan lingkungan socail dan alam dalam jangkauan pergaulan serta keberadaanya
50,1,b,sosial,b,Baik dan disiplin dan dalam hal berinteraksi secara efektif dengan lingkungan socail dan alam dalam jangkauan pergaulan serta keberadaanya
51,1,a,sosial,c,Cukup baik dan disiplin dan dalam hal berinteraksi secara efektif dengan lingkungan socail dan alam dalam jangkauan pergaulan serta keberadaanya
51,1,b,sosial,c,Cukup baik dan disiplin dan dalam hal berinteraksi secara efektif dengan lingkungan socail dan alam dalam jangkauan pergaulan serta keberadaanya
52,1,a,sosial,c,Cukup baik dan disiplin dan dalam hal berinteraksi secara efektif dengan lingkungan socail dan alam dalam jangkauan pergaulan serta keberadaanya
52,1,b,sosial,a,Sangat baik dan disiplin dan dalam hal berinteraksi secara efektif dengan lingkungan socail dan alam dalam jangkauan pergaulan serta keberadaanya
53,1,a,sosial,c,Cukup baik dan disiplin dan dalam hal berinteraksi secara efektif dengan lingkungan socail dan alam dalam jangkauan pergaulan serta keberadaanya
53,1,b,sosial,a,Sangat baik dan disiplin dan dalam hal berinteraksi secara efektif dengan lingkungan socail dan alam dalam jangkauan pergaulan serta keberadaanya
54,1,a,sosial,c,Cukup baik dan disiplin dan dalam hal berinteraksi secara efektif dengan lingkungan socail dan alam dalam jangkauan pergaulan serta keberadaanya
54,1,b,sosial,b,Baik dan disiplin dan dalam hal berinteraksi secara efektif dengan lingkungan socail dan alam dalam jangkauan pergaulan serta keberadaanya
55,1,a,sosial,b,Baik dan disiplin dan dalam hal berinteraksi secara efektif dengan lingkungan socail dan alam dalam jangkauan pergaulan serta keberadaanya
55,1,b,sosial,b,Baik dan disiplin dan dalam hal berinteraksi secara efektif dengan lingkungan socail dan alam dalam jangkauan pergaulan serta keberadaanya
56,1,a,sosial,b,Baik dan disiplin dan dalam hal berinteraksi secara efektif dengan lingkungan socail dan alam dalam jangkauan pergaulan serta keberadaanya
56,1,b,sosial,c,Cukup baik dan disiplin dan dalam hal berinteraksi secara efektif dengan lingkungan socail dan alam dalam jangkauan pergaulan serta keberadaanya
57,1,a,sosial,b,Baik dan disiplin dan dalam hal berinteraksi secara efektif dengan lingkungan socail dan alam dalam jangkauan pergaulan serta keberadaanya
57,1,b,sosial,a,Sangat baik dan disiplin dan dalam hal berinteraksi secara efektif dengan lingkungan socail dan alam dalam jangkauan pergaulan serta keberadaanya
58,1,a,sosial,b,Baik dan disiplin dan dalam hal berinteraksi secara efektif dengan lingkungan socail dan alam dalam jangkauan pergaulan serta keberadaanya
58,1,b,sosial,c,Cukup baik dan disiplin dan dalam hal berinteraksi secara efektif dengan lingkungan socail dan alam dalam jangkauan pergaulan serta keberadaanya
59,1,a,sosial,a,Sangat baik dan disiplin dan dalam hal berinteraksi secara efektif dengan lingkungan socail dan alam dalam jangkauan pergaulan serta keberadaanya
59,1,b,sosial,b,Baik dan disiplin dan dalam hal berinteraksi secara efektif dengan lingkungan socail dan alam dalam jangkauan pergaulan serta keberadaanya
60,1,a,sosial,c,Cukup baik dan disiplin dan dalam hal berinteraksi secara efektif dengan lingkungan socail dan alam dalam jangkauan pergaulan serta keberadaanya
60,1,b,sosial,a,Sangat baik dan disiplin dan dalam hal berinteraksi secara efektif dengan lingkungan socail dan alam dalam jangkauan pergaulan serta keberadaanya
61,1,a,sosial,b,Baik dan disiplin dan dalam hal berinteraksi secara efektif dengan lingkungan socail dan alam dalam jangkauan pergaulan serta keberadaanya
61,1,b,sosial,a,Sangat baik dan disiplin dan dalam hal berinteraksi secara efektif dengan lingkungan socail dan alam dalam jangkauan pergaulan serta keberadaanya
62,1,a,sosial,c,Cukup baik dan disiplin dan dalam hal berinteraksi secara efektif dengan lingkungan socail dan alam dalam jangkauan pergaulan serta keberadaanya
62,1,b,sosial,a,Sangat baik dan disiplin dan dalam hal berinteraksi secara efektif dengan lingkungan socail dan alam dalam jangkauan pergaulan serta keberadaanya
63,1,a,sosial,c,Cukup baik dan disiplin dan dalam hal berinteraksi secara efektif dengan lingkungan socail dan alam dalam jangkauan pergaulan serta keberadaanya
63,1,b,sosial,a,Sangat baik dan disiplin dan dalam hal berinteraksi secara efektif dengan lingkungan socail dan alam dalam jangkauan pergaulan serta keberadaanya
64,1,a,sosial,c,Cukup baik dan disiplin dan dalam hal berinteraksi secara efektif dengan lingkungan socail dan alam dalam jangkauan pergaulan serta keberadaanya
64,1,b,sosial,c,Cukup baik dan disiplin dan dalam hal berinteraksi secara efektif dengan lingkungan socail dan alam dalam jangkauan pergaulan serta keberadaanya
65,1,a,sosial,c,Cukup baik dan disiplin dan dalam hal berinteraksi secara efektif dengan lingkungan socail dan alam dalam jangkauan pergaulan serta keberadaanya
65,1,b,sosial,a,Sangat baik dan disiplin dan dalam hal berinteraksi secara efektif dengan lingkungan socail dan alam dalam jangkauan pergaulan serta keberadaanya
66,1,a,sosial,b,Baik dan disiplin dan dalam hal berinteraksi secara efektif dengan lingkungan socail dan alam dalam jangkauan pergaulan serta keberadaanya
66,1,b,sosial,c,Cukup baik dan disiplin dan dalam hal berinteraksi secara efektif dengan lingkungan socail dan alam dalam jangkauan pergaulan serta keberadaanya
67,1,a,sosial,c,Cukup baik dan disiplin dan dalam hal berinteraksi secara efektif dengan lingkungan socail dan alam dalam jangkauan pergaulan serta keberadaanya
67,1,b,sosial,b,Baik dan disiplin dan dalam hal berinteraksi secara efektif dengan lingkungan socail dan alam dalam jangkauan pergaulan serta keberadaanya
68,1,a,sosial,a,Sangat baik dan disiplin dan dalam hal berinteraksi secara efektif dengan lingkungan socail dan alam dalam jangkauan pergaulan serta keberadaanya
68,1,b,sosial,a,Sangat baik dan disiplin dan dalam hal berinteraksi secara efektif dengan lingkungan socail dan alam dalam jangkauan pergaulan serta keberadaanya
69,1,a,sosial,c,Cukup baik dan disiplin dan dalam hal berinteraksi secara efektif dengan lingkungan socail dan alam dalam jangkauan pergaulan serta keberadaanya
69,1,b,sosial,a,Sangat baik dan disiplin dan dalam hal berinteraksi secara efektif dengan lingkungan socail dan alam dalam jangkauan pergaulan serta keberadaanya
70,1,a,sosial,a,Sangat baik dan disiplin dan dalam hal berinteraksi secara efektif dengan lingkungan socail dan alam dalam jangkauan pergaulan serta keberadaanya
70,1,b,sosial,c,Cukup baik dan disiplin dan dalam hal berinteraksi secara efektif dengan lingkungan socail dan alam dalam jangkauan pergaulan serta keberadaanya
71,1,a,sosial,a,Sangat baik dan disiplin dan dalam hal berinteraksi secara efektif dengan lingkungan socail dan alam dalam jangkauan pergaulan serta keberadaanya
71,1,b,sosial,c,Cukup baik dan disiplin dan dalam hal berinteraksi secara efektif dengan lingkungan socail dan alam dalam jangkauan pergaulan serta keberadaanya
72,1,a,sosial,a,Sangat baik dan disiplin dan dalam hal berinteraksi secara efektif dengan lingkungan socail dan alam dalam jangkauan pergaulan serta keberadaanya
72,1,b,sosial,c,Cukup baik dan disiplin dan dalam hal berinteraksi secara efektif dengan lingkungan socail dan alam dalam jangkauan pergaulan serta keberadaanya
73,1,a,sosial,c,Cukup baik dan disiplin dan dalam hal berinteraksi secara efektif dengan lingkungan socail dan alam dalam jangkauan pergaulan serta keberadaanya
73,1,b,sosial,b,Baik dan disiplin dan dalam hal berinteraksi secara efektif dengan lingkungan socail dan alam dalam jangkauan pergaulan serta keberadaanya
74,1,a,sosial,c,Cukup baik dan disiplin dan dalam hal berinteraksi secara efektif dengan lingkungan socail dan alam dalam jangkauan pergaulan serta keberadaanya
74,1,b,sosial,b,Baik dan disiplin dan dalam hal berinteraksi secara efektif dengan lingkungan socail dan alam dalam jangkauan pergaulan serta keberadaanya
75,1,a,sosial,b,Baik dan disiplin dan dalam hal berinteraksi secara efektif dengan lingkungan socail dan alam dalam jangkauan pergaulan serta keberadaanya
75,1,b,sosial,c,Cukup baik dan disiplin dan dalam hal berinteraksi secara efektif dengan lingkungan socail dan alam dalam jangkauan pergaulan serta keberadaanya
76,1,a,sosial,b,Baik dan disiplin dan dalam hal berinteraksi secara efektif dengan lingkungan socail dan alam dalam jangkauan pergaulan serta keberadaanya
76,1,b,sosial,b,Baik dan disiplin dan dalam hal berinteraksi secara efektif dengan lingkungan socail dan alam dalam jangkauan pergaulan serta keberadaanya
77,1,a,sosial,c,Cukup baik dan disiplin dan dalam hal berinteraksi secara efektif dengan lingkungan socail dan alam dalam jangkauan pergaulan serta keberadaanya
77,1,b,sosial,b,Baik dan disiplin dan dalam hal berinteraksi secara efektif dengan lingkungan socail dan alam dalam jangkauan pergaulan serta keberadaanya
78,1,a,sosial,c,Cukup baik dan disiplin dan dalam hal berinteraksi secara efektif dengan lingkungan socail dan alam dalam jangkauan pergaulan serta keberadaanya
78,1,b,sosial,b,Baik dan disiplin dan dalam hal berinteraksi secara efektif dengan lingkungan socail dan alam dalam jangkauan pergaulan serta keberadaanya
79,1,a,sosial,a,Sangat baik dan disiplin dan dalam hal berinteraksi secara efektif dengan lingkungan socail dan alam dalam jangkauan pergaulan serta keberadaanya
79,1,b,sosial,a,Sangat baik dan disiplin dan dalam hal berinteraksi secara efektif dengan lingkungan socail dan alam dalam jangkauan pergaulan serta keberadaanya
80,1,a,sosial,c,Cukup baik dan disiplin dan dalam hal berinteraksi secara efektif dengan lingkungan socail dan alam dalam jangkauan pergaulan serta keberadaanya
80,1,b,sosial,a,Sangat baik dan disiplin dan dalam hal berinteraksi secara efektif dengan lingkungan socail dan alam dalam jangkauan pergaulan serta keberadaanya
81,1,a,sosial,b,Baik dan disiplin dan dalam hal berinteraksi secara efektif dengan lingkungan socail dan alam dalam jangkauan pergaulan serta keberadaanya
81,1,b,sosial,b,Baik dan disiplin dan dalam hal berinteraksi secara efektif dengan lingkungan socail dan alam dalam jangkauan pergaulan serta keberadaanya
82,1,a,sosial,b,Baik dan disiplin dan dalam hal berinteraksi secara efektif dengan lingkungan socail dan alam dalam jangkauan pergaulan serta keberadaanya
82,1,b,sosial,a,Sangat baik dan disiplin dan dalam hal berinteraksi secara efektif dengan lingkungan socail dan alam dalam jangkauan pergaulan serta keberadaanya
83,1,a,sosial,c,Cukup baik dan disiplin dan dalam hal berinteraksi secara efektif dengan lingkungan socail dan alam dalam jangkauan pergaulan serta keberadaanya
83,1,b,sosial,a,Sangat baik dan disiplin dan dalam hal berinteraksi secara efektif dengan lingkungan socail dan alam dalam jangkauan pergaulan serta keberadaanya
84,1,a,sosial,a,Sangat baik dan disiplin dan dalam hal berinteraksi secara efektif dengan lingkungan socail dan alam dalam jangkauan pergaulan serta keberadaanya
84,1,b,sosial,b,Baik dan disiplin dan dalam hal berinteraksi secara efektif dengan lingkungan socail dan alam dalam jangkauan pergaulan serta keberadaanya
85,1,a,sosial,a,Sangat baik dan disiplin dan dalam hal berinteraksi secara efektif dengan lingkungan socail dan alam dalam jangkauan pergaulan serta keberadaanya
85,1,b,sosial,a,Sangat baik dan disiplin dan dalam hal berinteraksi secara efektif dengan lingkungan socail dan alam dalam jangkauan pergaulan serta keberadaanya
86,1,a,sosial,c,Cukup baik dan disiplin dan dalam hal berinteraksi secara efektif dengan lingkungan socail dan alam dalam jangkauan pergaulan serta keberadaanya
86,1,b,sosial,b,Baik dan disiplin dan dalam hal berinteraksi secara efektif dengan lingkungan socail dan alam dalam jangkauan pergaulan serta keberadaanya
87,1,a,sosial,b,Baik dan disiplin dan dalam hal berinteraksi secara efektif dengan lingkungan socail dan alam dalam jangkauan pergaulan serta keberadaanya
87,1,b,sosial,a,Sangat baik dan disiplin dan dalam hal berinteraksi secara efektif dengan lingkungan socail dan alam dalam jangkauan pergaulan serta keberadaanya
88,1,a,sosial,a,Sangat baik dan disiplin dan dalam hal berinteraksi secara efektif dengan lingkungan socail dan alam dalam jangkauan pergaulan serta keberadaanya
88,1,b,sosial,b,Baik dan disiplin dan dalam hal berinteraksi secara efektif dengan lingkungan socail dan alam dalam jangkauan pergaulan serta keberadaanya
89,1,a,sosial,a,Sangat baik dan disiplin dan dalam hal berinteraksi secara efektif dengan lingkungan socail dan alam dalam jangkauan pergaulan serta keberadaanya
89,1,b,sosial,a,Sangat baik dan disiplin dan dalam hal berinteraksi secara efektif dengan lingkungan socail dan alam dalam jangkauan pergaulan serta keberadaanya
90,1,a,sosial,c,Cukup baik dan disiplin dan dalam hal berinteraksi secara efektif dengan lingkungan socail dan alam dalam jangkauan pergaulan serta keberadaanya
90,1,b,sosial,a,Sangat baik dan disiplin dan dalam hal berinteraksi secara efektif dengan lingkungan socail dan alam dalam jangkauan pergaulan serta keberadaanya
91,1,a,sosial,a,Sangat baik dan disiplin dan dalam hal berinteraksi secara efektif dengan lingkungan socail dan alam dalam jangkauan pergaulan serta keberadaanya
91,1,b,sosial,a,Sangat baik dan disiplin dan dalam hal berinteraksi secara efektif dengan lingkungan socail dan alam dalam jangkauan pergaulan serta keberadaanya
92,1,a,sosial,c,Cukup baik dan disiplin dan dalam hal berinteraksi secara efektif dengan lingkungan socail dan alam dalam jangkauan pergaulan serta keberadaanya
92,1,b,sosial,b,Baik dan disiplin dan dalam hal berinteraksi secara efektif dengan lingkungan socail dan alam dalam jangkauan pergaulan serta keberadaanya
105,1,a,sosial,b,Baik dan disiplin dan dalam hal berinteraksi secara efektif dengan lingkungan socail dan alam dalam jangkauan pergaulan serta keberadaanya
105,1,b,sosial,b,Baik dan disiplin dan dalam hal berinteraksi secara efektif dengan lingkungan socail dan alam dalam jangkauan pergaulan serta keberadaanya
106,1,a,sosial,c,Cukup baik dan disiplin dan dalam hal berinteraksi secara efektif dengan lingkungan socail dan alam dalam jangkauan pergaulan serta keberadaanya
106,1,b,sosial,a,Sangat baik dan disiplin dan dalam hal berinteraksi secara efektif dengan lingkungan socail dan alam dalam jangkauan pergaulan serta keberadaanya
107,1,a,sosial,b,Baik dan disiplin dan dalam hal berinteraksi secara efektif dengan lingkungan socail dan alam dalam jangkauan pergaulan serta keberadaanya
107,1,b,sosial,a,Sangat baik dan disiplin dan dalam hal berinteraksi secara efektif dengan lingkungan socail dan alam dalam jangkauan pergaulan serta keberadaanya
108,1,a,sosial,a,Sangat baik dan disiplin dan dalam hal berinteraksi secara efektif dengan lingkungan socail dan alam dalam jangkauan pergaulan serta keberadaanya
108,1,b,sosial,b,Baik dan disiplin dan dalam hal berinteraksi secara efektif dengan lingkungan socail dan alam dalam jangkauan pergaulan serta keberadaanya
109,1,a,sosial,b,Baik dan disiplin dan dalam hal berinteraksi secara efektif dengan lingkungan socail dan alam dalam jangkauan pergaulan serta keberadaanya
109,1,b,sosial,b,Baik dan disiplin dan dalam hal berinteraksi secara efektif dengan lingkungan socail dan alam dalam jangkauan pergaulan serta keberadaanya
110,1,a,sosial,b,Baik dan disiplin dan dalam hal berinteraksi secara efektif dengan lingkungan socail dan alam dalam jangkauan pergaulan serta keberadaanya
110,1,b,sosial,a,Sangat baik dan disiplin dan dalam hal berinteraksi secara efektif dengan lingkungan socail dan alam dalam jangkauan pergaulan serta keberadaanya
111,1,a,sosial,b,Baik dan disiplin dan dalam hal berinteraksi secara efektif dengan lingkungan socail dan alam dalam jangkauan pergaulan serta keberadaanya
111,1,b,sosial,c,Cukup baik dan disiplin dan dalam hal berinteraksi secara efektif dengan lingkungan socail dan alam dalam jangkauan pergaulan serta keberadaanya
112,1,a,sosial,c,Cukup baik dan disiplin dan dalam hal berinteraksi secara efektif dengan lingkungan socail dan alam dalam jangkauan pergaulan serta keberadaanya
112,1,b,sosial,b,Baik dan disiplin dan dalam hal berinteraksi secara efektif dengan lingkungan socail dan alam dalam jangkauan pergaulan serta keberadaanya
113,1,a,sosial,c,Cukup baik dan disiplin dan dalam hal berinteraksi secara efektif dengan lingkungan socail dan alam dalam jangkauan pergaulan serta keberadaanya
113,1,b,sosial,a,Sangat baik dan disiplin dan dalam hal berinteraksi secara efektif dengan lingkungan socail dan alam dalam jangkauan pergaulan serta keberadaanya
114,1,a,sosial,b,Baik dan disiplin dan dalam hal berinteraksi secara efektif dengan lingkungan socail dan alam dalam jangkauan pergaulan serta keberadaanya
114,1,b,sosial,b,Baik dan disiplin dan dalam hal berinteraksi secara efektif dengan lingkungan socail dan alam dalam jangkauan pergaulan serta keberadaanya
115,1,a,sosial,b,Baik dan disiplin dan dalam hal berinteraksi secara efektif dengan lingkungan socail dan alam dalam jangkauan pergaulan serta keberadaanya
115,1,b,sosial,a,Sangat baik dan disiplin dan dalam hal berinteraksi secara efektif dengan lingkungan socail dan alam dalam jangkauan pergaulan serta keberadaanya
116,1,a,sosial,c,Cukup baik dan disiplin dan dalam hal berinteraksi secara efektif dengan lingkungan socail dan alam dalam jangkauan pergaulan serta keberadaanya
116,1,b,sosial,a,Sangat baik dan disiplin dan dalam hal berinteraksi secara efektif dengan lingkungan socail dan alam dalam jangkauan pergaulan serta keberadaanya
117,1,a,sosial,a,Sangat baik dan disiplin dan dalam hal berinteraksi secara efektif dengan lingkungan socail dan alam dalam jangkauan pergaulan serta keberadaanya
117,1,b,sosial,a,Sangat baik dan disiplin dan dalam hal berinteraksi secara efektif dengan lingkungan socail dan alam dalam jangkauan pergaulan serta keberadaanya
118,1,a,sosial,c,Cukup baik dan disiplin dan dalam hal berinteraksi secara efektif dengan lingkungan socail dan alam dalam jangkauan pergaulan serta keberadaanya
118,1,b,sosial,c,Cukup baik dan disiplin dan dalam hal berinteraksi secara efektif dengan lingkungan socail dan alam dalam jangkauan pergaulan serta keberadaanya
119,1,a,sosial,b,Baik dan disiplin dan dalam hal berinteraksi secara efektif dengan lingkungan socail dan alam dalam jangkauan pergaulan serta keberadaanya
119,1,b,sosial,a,Sangat baik dan disiplin dan dalam hal berinteraksi secara efektif dengan lingkungan socail dan alam dalam jangkauan pergaulan serta keberadaanya
120,1,a,sosial,a,Sangat baik dan disiplin dan dalam hal berinteraksi secara efektif dengan lingkungan socail dan alam dalam jangkauan pergaulan serta keberadaanya
120,1,b,sosial,c,Cukup baik dan disiplin dan dalam hal berinteraksi secara efektif dengan lingkungan socail dan alam dalam jangkauan pergaulan serta keberadaanya
121,1,a,sosial,c,Cukup baik dan disiplin dan dalam hal berinteraksi secara efektif dengan lingkungan socail dan alam dalam jangkauan pergaulan serta keberadaanya
121,1,b,sosial,a,Sangat baik dan disiplin dan dalam hal berinteraksi secara efektif dengan lingkungan socail dan alam dalam jangkauan pergaulan serta keberadaanya
122,1,a,sosial,c,Cukup baik dan disiplin dan dalam hal berinteraksi secara efektif dengan lingkungan socail dan alam dalam jangkauan pergaulan serta keberadaanya
122,1,b,sosial,b,Baik dan disiplin dan dalam hal berinteraksi secara efektif dengan lingkungan socail dan alam dalam jangkauan pergaulan serta keberadaanya
123,1,a,sosial,b,Baik dan disiplin dan dalam hal berinteraksi secara efektif dengan lingkungan socail dan alam dalam jangkauan pergaulan serta keberadaanya
123,1,b,sosial,b,Baik dan disiplin dan dalam hal berinteraksi secara efektif dengan lingkungan socail dan alam dalam jangkauan pergaulan serta keberadaanya
124,1,a,sosial,c,Cukup baik dan disiplin dan dalam hal berinteraksi secara efektif dengan lingkungan socail dan alam dalam jangkauan pergaulan serta keberadaanya
124,1,b,sosial,a,Sangat baik dan disiplin dan dalam hal berinteraksi secara efektif dengan lingkungan socail dan alam dalam jangkauan pergaulan serta keberadaanya
125,1,a,sosial,a,Sangat baik dan disiplin dan dalam hal berinteraksi secara efektif dengan lingkungan socail dan alam dalam jangkauan pergaulan serta keberadaanya
125,1,b,sosial,b,Baik dan disiplin dan dalam hal berinteraksi secara efektif dengan lingkungan socail dan alam dalam jangkauan pergaulan serta keberadaanya
126,1,a,sosial,c,Cukup baik dan disiplin dan dalam hal berinteraksi secara efektif dengan lingkungan socail dan alam dalam jangkauan pergaulan serta keberadaanya
126,1,b,sosial,a,Sangat baik dan disiplin dan dalam hal berinteraksi secara efektif dengan lingkungan socail dan alam dalam jangkauan pergaulan serta keberadaanya
127,1,a,sosial,b,Baik dan disiplin dan dalam hal berinteraksi secara efektif dengan lingkungan socail dan alam dalam jangkauan pergaulan serta keberadaanya
127,1,b,sosial,b,Baik dan disiplin dan dalam hal berinteraksi secara efektif dengan lingkungan socail dan alam dalam jangkauan pergaulan serta keberadaanya
128,1,a,sosial,c,Cukup baik dan disiplin dan dalam hal berinteraksi secara efektif dengan lingkungan socail dan alam dalam jangkauan pergaulan serta keberadaanya
128,1,b,sosial,a,Sangat baik dan disiplin dan dalam hal berinteraksi secara efektif dengan lingkungan socail dan alam dalam jangkauan pergaulan serta keberadaanya
129,1,a,sosial,c,Cukup baik dan disiplin dan dalam hal berinteraksi secara efektif dengan lingkungan socail dan alam dalam jangkauan pergaulan serta keberadaanya
129,1,b,sosial,a,Sangat baik dan disiplin dan dalam hal berinteraksi secara efektif dengan lingkungan socail dan alam dalam jangkauan pergaulan serta keberadaanya
130,1,a,sosial,b,Baik dan disiplin dan dalam hal berinteraksi secara efektif dengan lingkungan socail dan alam dalam jangkauan pergaulan serta keberadaanya
130,1,b,sosial,b,Baik dan disiplin dan dalam hal berinteraksi secara efektif dengan lingkungan socail dan alam dalam jangkauan pergaulan serta keberadaanya
131,1,a,sosial,a,Sangat baik dan disiplin dan dalam hal berinteraksi secara efektif dengan lingkungan socail dan alam dalam jangkauan pergaulan serta keberadaanya
131,1,b,sosial,a,Sangat baik dan disiplin dan dalam hal berinteraksi secara efektif dengan lingkungan socail dan alam dalam jangkauan pergaulan serta keberadaanya
132,1,a,sosial,c,Cukup baik dan disiplin dan dalam hal berinteraksi secara efektif dengan lingkungan socail dan alam dalam jangkauan pergaulan serta keberadaanya
132,1,b,sosial,b,Baik dan disiplin dan dalam hal berinteraksi secara efektif dengan lingkungan socail dan alam dalam jangkauan pergaulan serta keberadaanya
133,1,a,sosial,a,Sangat baik dan disiplin dan dalam hal berinteraksi secara efektif dengan lingkungan socail dan alam dalam jangkauan pergaulan serta keberadaanya
133,1,b,sosial,b,Baik dan disiplin dan dalam hal berinteraksi secara efektif dengan lingkungan socail dan alam dalam jangkauan pergaulan serta keberadaanya
134,1,a,sosial,b,Baik dan disiplin dan dalam hal berinteraksi secara efektif dengan lingkungan socail dan alam dalam jangkauan pergaulan serta keberadaanya
134,1,b,sosial,b,Baik dan disiplin dan dalam hal berinteraksi secara efektif dengan lingkungan socail dan alam dalam jangkauan pergaulan serta keberadaanya
135,1,a,sosial,b,Baik dan disiplin dan dalam hal berinteraksi secara efektif dengan lingkungan socail dan alam dalam jangkauan pergaulan serta keberadaanya
135,1,b,sosial,b,Baik dan disiplin dan dalam hal berinteraksi secara efektif dengan lingkungan socail dan alam dalam jangkauan pergaulan serta keberadaanya
136,1,a,sosial,a,Sangat baik dan disiplin dan dalam hal berinteraksi secara efektif dengan lingkungan socail dan alam dalam jangkauan pergaulan serta keberadaanya
136,1,b,sosial,a,Sangat baik dan disiplin dan dalam hal berinteraksi secara efektif dengan lingkungan socail dan alam dalam jangkauan pergaulan serta keberadaanya
137,1,a,sosial,c,Cukup baik dan disiplin dan dalam hal berinteraksi secara efektif dengan lingkungan socail dan alam dalam jangkauan pergaulan serta keberadaanya
137,1,b,sosial,c,Cukup baik dan disiplin dan dalam hal berinteraksi secara efektif dengan lingkungan socail dan alam dalam jangkauan pergaulan serta keberadaanya
138,1,a,sosial,c,Cukup baik dan disiplin dan dalam hal berinteraksi secara efektif dengan lingkungan socail dan alam dalam jangkauan pergaulan serta keberadaanya
138,1,b,sosial,a,Sangat baik dan disiplin dan dalam hal berinteraksi secara efektif dengan lingkungan socail dan alam dalam jangkauan pergaulan serta keberadaanya
139,1,a,sosial,b,Baik dan disiplin dan dalam hal berinteraksi secara efektif dengan lingkungan socail dan alam dalam jangkauan pergaulan serta keberadaanya
139,1,b,sosial,a,Sangat baik dan disiplin dan dalam hal berinteraksi secara efektif dengan lingkungan socail dan alam dalam jangkauan pergaulan serta keberadaanya
140,1,a,sosial,b,Baik dan disiplin dan dalam hal berinteraksi secara efektif dengan lingkungan socail dan alam dalam jangkauan pergaulan serta keberadaanya
140,1,b,sosial,c,Cukup baik dan disiplin dan dalam hal berinteraksi secara efektif dengan lingkungan socail dan alam dalam jangkauan pergaulan serta keberadaanya
141,1,a,sosial,a,Sangat baik dan disiplin dan dalam hal berinteraksi secara efektif dengan lingkungan socail dan alam dalam jangkauan pergaulan serta keberadaanya
141,1,b,sosial,b,Baik dan disiplin dan dalam hal berinteraksi secara efektif dengan lingkungan socail dan alam dalam jangkauan pergaulan serta keberadaanya
142,1,a,sosial,b,Baik dan disiplin dan dalam hal berinteraksi secara efektif dengan lingkungan socail dan alam dalam jangkauan pergaulan serta keberadaanya
142,1,b,sosial,b,Baik dan disiplin dan dalam hal berinteraksi secara efektif dengan lingkungan socail dan alam dalam jangkauan pergaulan serta keberadaanya
143,1,a,sosial,c,Cukup baik dan disiplin dan dalam hal berinteraksi secara efektif dengan lingkungan socail dan alam dalam jangkauan pergaulan serta keberadaanya
143,1,b,sosial,b,Baik dan disiplin dan dalam hal berinteraksi secara efektif dengan lingkungan socail dan alam dalam jangkauan pergaulan serta keberadaanya
144,1,a,sosial,c,Cukup baik dan disiplin dan dalam hal berinteraksi secara efektif dengan lingkungan socail dan alam dalam jangkauan pergaulan serta keberadaanya
144,1,b,sosial,a,Sangat baik dan disiplin dan dalam hal berinteraksi secara efektif dengan lingkungan socail dan alam dalam jangkauan pergaulan serta keberadaanya
145,1,a,sosial,a,Sangat baik dan disiplin dan dalam hal berinteraksi secara efektif dengan lingkungan socail dan alam dalam jangkauan pergaulan serta keberadaanya
145,1,b,sosial,b,Baik dan disiplin dan dalam hal berinteraksi secara efektif dengan lingkungan socail dan alam dalam jangkauan pergaulan serta keberadaanya
146,1,a,sosial,a,Sangat baik dan disiplin dan dalam hal berinteraksi secara efektif dengan lingkungan socail dan alam dalam jangkauan pergaulan serta keberadaanya
146,1,b,sosial,a,Sangat baik dan disiplin dan dalam hal berinteraksi secara efektif dengan lingkungan socail dan alam dalam jangkauan pergaulan serta keberadaanya
147,1,a,sosial,a,Sangat baik dan disiplin dan dalam hal berinteraksi secara efektif dengan lingkungan socail dan alam dalam jangkauan pergaulan serta keberadaanya
147,1,b,sosial,b,Baik dan disiplin dan dalam hal berinteraksi secara efektif dengan lingkungan socail dan alam dalam jangkauan pergaulan serta keberadaanya
148,1,a,sosial,a,Sangat baik dan disiplin dan dalam hal berinteraksi secara efektif dengan lingkungan socail dan alam dalam jangkauan pergaulan serta keberadaanya
148,1,b,sosial,b,Baik dan disiplin dan dalam hal berinteraksi secara efektif dengan lingkungan socail dan alam dalam jangkauan pergaulan serta keberadaanya
149,1,a,sosial,a,Sangat baik dan disiplin dan dalam hal berinteraksi secara efektif dengan lingkungan socail dan alam dalam jangkauan pergaulan serta keberadaanya
149,1,b,sosial,b,Baik dan disiplin dan dalam hal berinteraksi secara efektif dengan lingkungan socail dan alam dalam jangkauan pergaulan serta keberadaanya
150,1,a,sosial,c,Cukup baik dan disiplin dan dalam hal berinteraksi secara efektif dengan lingkungan socail dan alam dalam jangkauan pergaulan serta keberadaanya
150,1,b,sosial,b,Baik dan disiplin dan dalam hal berinteraksi secara efektif dengan lingkungan socail dan alam dalam jangkauan pergaulan serta keberadaanya
151,1,a,sosial,a,Sangat baik dan disiplin dan dalam hal berinteraksi secara efektif dengan lingkungan socail dan alam dalam jangkauan pergaulan serta keberadaanya
151,1,b,sosial,a,Sangat baik dan disiplin dan dalam hal berinteraksi secara efektif dengan lingkungan socail dan alam dalam jangkauan pergaulan serta keberadaanya
152,1,a,sosial,a,Sangat baik dan disiplin dan dalam hal berinteraksi secara efektif dengan lingkungan socail dan alam dalam jangkauan pergaulan serta keberadaanya
152,1,b,sosial,b,Baik dan disiplin dan dalam hal berinteraksi secara efektif dengan lingkungan socail dan alam dalam jangkauan pergaulan serta keberadaanya
153,1,a,sosial,c,Cukup baik dan disiplin dan dalam hal berinteraksi secara efektif dengan lingkungan socail dan alam dalam jangkauan pergaulan serta keberadaanya
153,1,b,sosial,c,Cukup baik dan disiplin dan dalam hal berinteraksi secara efektif dengan lingkungan socail dan alam dalam jangkauan pergaulan serta keberadaanya
154,1,a,sosial,c,Cukup baik dan disiplin dan dalam hal berinteraksi secara efektif dengan lingkungan socail dan alam dalam jangkauan pergaulan serta keberadaanya
154,1,b,sosial,c,Cukup baik dan disiplin dan dalam hal berinteraksi secara efektif dengan lingkungan socail dan alam dalam jangkauan pergaulan serta keberadaanya
155,1,a,sosial,c,Cukup baik dan disiplin dan dalam hal berinteraksi secara efektif dengan lingkungan socail dan alam dalam jangkauan pergaulan serta keberadaanya
155,1,b,sosial,c,Cukup baik dan disiplin dan dalam hal berinteraksi secara efektif dengan lingkungan socail dan alam dalam jangkauan pergaulan serta keberadaanya
156,1,a,sosial,b,Baik dan disiplin dan dalam hal berinteraksi secara efektif dengan lingkungan socail dan alam dalam jangkauan pergaulan serta keberadaanya
156,1,b,sosial,a,Sangat baik dan disiplin dan dalam hal berinteraksi secara efektif dengan lingkungan socail dan alam dalam jangkauan pergaulan serta keberadaanya
157,1,a,sosial,c,Cukup baik dan disiplin dan dalam hal berinteraksi secara efektif dengan lingkungan socail dan alam dalam jangkauan pergaulan serta keberadaanya
157,1,b,sosial,a,Sangat baik dan disiplin dan dalam hal berinteraksi secara efektif dengan lingkungan socail dan alam dalam jangkauan pergaulan serta keberadaanya
158,1,a,sosial,b,Baik dan disiplin dan dalam hal berinteraksi secara efektif dengan lingkungan socail dan alam dalam jangkauan pergaulan serta keberadaanya
158,1,b,sosial,b,Baik dan disiplin dan dalam hal berinteraksi secara efektif dengan lingkungan socail dan alam dalam jangkauan pergaulan serta keberadaanya
159,1,a,sosial,c,Cukup baik dan disiplin dan dalam hal berinteraksi secara efektif dengan lingkungan socail dan alam dalam jangkauan pergaulan serta keberadaanya
159,1,b,sosial,a,Sangat baik dan disiplin dan dalam hal berinteraksi secara efektif dengan lingkungan socail dan alam dalam jangkauan pergaulan serta keberadaanya
160,1,a,sosial,b,Baik dan disiplin dan dalam hal berinteraksi secara efektif dengan lingkungan socail dan alam dalam jangkauan pergaulan serta keberadaanya
160,1,b,sosial,a,Sangat baik dan disiplin dan dalam hal berinteraksi secara efektif dengan lingkungan socail dan alam dalam jangkauan pergaulan serta keberadaanya
161,1,a,sosial,b,Baik dan disiplin dan dalam hal berinteraksi secara efektif dengan lingkungan socail dan alam dalam jangkauan pergaulan serta keberadaanya
161,1,b,sosial,b,Baik dan disiplin dan dalam hal berinteraksi secara efektif dengan lingkungan socail dan alam dalam jangkauan pergaulan serta keberadaanya
162,1,a,sosial,c,Cukup baik dan disiplin dan dalam hal berinteraksi secara efektif dengan lingkungan socail dan alam dalam jangkauan pergaulan serta keberadaanya
162,1,b,sosial,c,Cukup baik dan disiplin dan dalam hal berinteraksi secara efektif dengan lingkungan socail dan alam dalam jangkauan pergaulan serta keberadaanya
163,1,a,sosial,a,Sangat baik dan disiplin dan dalam hal berinteraksi secara efektif dengan lingkungan socail dan alam dalam jangkauan pergaulan serta keberadaanya
163,1,b,sosial,a,Sangat baik dan disiplin dan dalam hal berinteraksi secara efektif dengan lingkungan socail dan alam dalam jangkauan pergaulan serta keberadaanya
164,1,a,sosial,b,Baik dan disiplin dan dalam hal berinteraksi secara efektif dengan lingkungan socail dan alam dalam jangkauan pergaulan serta keberadaanya
164,1,b,sosial,a,Sangat baik dan disiplin dan dalam hal berinteraksi secara efektif dengan lingkungan socail dan alam dalam jangkauan pergaulan serta keberadaanya
165,1,a,sosial,b,Baik dan disiplin dan dalam hal berinteraksi secara efektif dengan lingkungan socail dan alam dalam jangkauan pergaulan serta keberadaanya
165,1,b,sosial,b,Baik dan disiplin dan dalam hal berinteraksi secara efektif dengan lingkungan socail dan alam dalam jangkauan pergaulan serta keberadaanya
166,1,a,sosial,c,Cukup baik dan disiplin dan dalam hal berinteraksi secara efektif dengan lingkungan socail dan alam dalam jangkauan pergaulan serta keberadaanya
166,1,b,sosial,b,Baik dan disiplin dan dalam hal berinteraksi secara efektif dengan lingkungan socail dan alam dalam jangkauan pergaulan serta keberadaanya
167,1,a,sosial,b,Baik dan disiplin dan dalam hal berinteraksi secara efektif dengan lingkungan socail dan alam dalam jangkauan pergaulan serta keberadaanya
167,1,b,sosial,a,Sangat baik dan disiplin dan dalam hal berinteraksi secara efektif dengan lingkungan socail dan alam dalam jangkauan pergaulan serta keberadaanya
168,1,a,sosial,b,Baik dan disiplin dan dalam hal berinteraksi secara efektif dengan lingkungan socail dan alam dalam jangkauan pergaulan serta keberadaanya
168,1,b,sosial,a,Sangat baik dan disiplin dan dalam hal berinteraksi secara efektif dengan lingkungan socail dan alam dalam jangkauan pergaulan serta keberadaanya
169,1,a,sosial,c,Cukup baik dan disiplin dan dalam hal berinteraksi secara efektif dengan lingkungan socail dan alam dalam jangkauan pergaulan serta keberadaanya
169,1,b,sosial,b,Baik dan disiplin dan dalam hal berinteraksi secara efektif dengan lingkungan socail dan alam dalam jangkauan pergaulan serta keberadaanya
170,1,a,sosial,c,Cukup baik dan disiplin dan dalam hal berinteraksi secara efektif dengan lingkungan socail dan alam dalam jangkauan pergaulan serta keberadaanya
170,1,b,sosial,b,Baik dan disiplin dan dalam hal berinteraksi secara efektif dengan lingkungan socail dan alam dalam jangkauan pergaulan serta keberadaanya
171,1,a,sosial,a,Sangat baik dan disiplin dan dalam hal berinteraksi secara efektif dengan lingkungan socail dan alam dalam jangkauan pergaulan serta keberadaanya
171,1,b,sosial,b,Baik dan disiplin dan dalam hal berinteraksi secara efektif dengan lingkungan socail dan alam dalam jangkauan pergaulan serta keberadaanya
172,1,a,sosial,a,Sangat baik dan disiplin dan dalam hal berinteraksi secara efektif dengan lingkungan socail dan alam dalam jangkauan pergaulan serta keberadaanya
172,1,b,sosial,b,Baik dan disiplin dan dalam hal berinteraksi secara efektif dengan lingkungan socail dan alam dalam jangkauan pergaulan serta keberadaanya
173,1,a,sosial,c,Cukup baik dan disiplin dan dalam hal berinteraksi secara efektif dengan lingkungan socail dan alam dalam jangkauan pergaulan serta keberadaanya
173,1,b,sosial,b,Baik dan disiplin dan dalam hal berinteraksi secara efektif dengan lingkungan socail dan alam dalam jangkauan pergaulan serta keberadaanya
174,1,a,sosial,b,Baik dan disiplin dan dalam hal berinteraksi secara efektif dengan lingkungan socail dan alam dalam jangkauan pergaulan serta keberadaanya
174,1,b,sosial,a,Sangat baik dan disiplin dan dalam hal berinteraksi secara efektif dengan lingkungan socail dan alam dalam jangkauan pergaulan serta keberadaanya
175,1,a,sosial,a,Sangat baik dan disiplin dan dalam hal berinteraksi secara efektif dengan lingkungan socail dan alam dalam jangkauan pergaulan serta keberadaanya
175,1,b,sosial,a,Sangat baik dan disiplin dan dalam hal berinteraksi secara efektif dengan lingkungan socail dan alam dalam jangkauan pergaulan serta keberadaanya
176,1,a,sosial,a,Sangat baik dan disiplin dan dalam hal berinteraksi secara efektif dengan lingkungan socail dan alam dalam jangkauan pergaulan serta keberadaanya
176,1,b,sosial,b,Baik dan disiplin dan dalam hal berinteraksi secara efektif dengan lingkungan socail dan alam dalam jangkauan pergaulan serta keberadaanya
177,1,a,sosial,a,Sangat baik dan disiplin dan dalam hal berinteraksi secara efektif dengan lingkungan socail dan alam dalam jangkauan pergaulan serta keberadaanya
177,1,b,sosial,b,Baik dan disiplin dan dalam hal berinteraksi secara efektif dengan lingkungan socail dan alam dalam jangkauan pergaulan serta keberadaanya
178,1,a,sosial,b,Baik dan disiplin dan dalam hal berinteraksi secara efektif dengan lingkungan socail dan alam dalam jangkauan pergaulan serta keberadaanya
178,1,b,sosial,c,Cukup baik dan disiplin dan dalam hal berinteraksi secara efektif dengan lingkungan socail dan alam dalam jangkauan pergaulan serta keberadaanya
179,1,a,sosial,b,Baik dan disiplin dan dalam hal berinteraksi secara efektif dengan lingkungan socail dan alam dalam jangkauan pergaulan serta keberadaanya
179,1,b,sosial,b,Baik dan disiplin dan dalam hal berinteraksi secara efektif dengan lingkungan socail dan alam dalam jangkauan pergaulan serta keberadaanya
