12,1,a,Tingkatkan Prestasimu!!!
12,1,b,Tingkatkan Prestasimu!!!
13,1,a,Tingkatkan Prestasimu!!!
13,1,b,Tingkatkan Prestasimu!!!
14,1,a,Tingkatkan Prestasimu!!!
14,1,b,Pertahankan Prestasi Belajarmu!!!
15,1,a,Pertahankan Prestasi Belajarmu!!!
15,1,b,Tingkatkan Prestasimu!!!
16,1,a,Tingkatkan Prestasimu!!!
16,1,b,Tingkatkan Prestasimu!!!
17,1,a,Tingkatkan Prestasimu!!!
17,1,b,Pertahankan Prestasi Belajarmu!!!
18,1,a,Pertahankan Prestasi Belajarmu!!!
18,1,b,Pertahankan Prestasi Belajarmu!!!
19,1,a,Tingkatkan Prestasimu!!!
19,1,b,Tingkatkan Prestasimu!!!
20,1,a,Pertahankan Prestasi Belajarmu!!!
20,1,b,Pertahankan Prestasi Belajarmu!!!
21,1,a,Tingkatkan Prestasimu!!!
21,1,b,Tingkatkan Prestasimu!!!
28,1,a,Pertahankan Prestasi Belajarmu!!!
28,1,b,Tingkatkan Prestasimu!!!
29,1,a,Pertahankan Prestasi Belajarmu!!!
29,1,b,Pertahankan Prestasi Belajarmu!!!
30,1,a,Tingkatkan Prestasimu!!!
30,1,b,Pertahankan Prestasi Belajarmu!!!
31,1,a,Tingkatkan Prestasimu!!!
31,1,b,Pertahankan Prestasi Belajarmu!!!
32,1,a,Pertahankan Prestasi Belajarmu!!!
32,1,b,Pertahankan Prestasi Belajarmu!!!
33,1,a,Tingkatkan Prestasimu!!!
33,1,b,Pertahankan Prestasi Belajarmu!!!
34,1,a,Pertahankan Prestasi Belajarmu!!!
34,1,b,Pertahankan Prestasi Belajarmu!!!
35,1,a,Tingkatkan Prestasimu!!!
35,1,b,Pertahankan Prestasi Belajarmu!!!
36,1,a,Pertahankan Prestasi Belajarmu!!!
36,1,b,Tingkatkan Prestasimu!!!
37,1,a,Tingkatkan Prestasimu!!!
37,1,b,Pertahankan Prestasi Belajarmu!!!
38,1,a,Pertahankan Prestasi Belajarmu!!!
38,1,b,Tingkatkan Prestasimu!!!
39,1,a,Pertahankan Prestasi Belajarmu!!!
39,1,b,Tingkatkan Prestasimu!!!
40,1,a,Tingkatkan Prestasimu!!!
40,1,b,Pertahankan Prestasi Belajarmu!!!
41,1,a,Tingkatkan Prestasimu!!!
41,1,b,Pertahankan Prestasi Belajarmu!!!
42,1,a,Pertahankan Prestasi Belajarmu!!!
42,1,b,Pertahankan Prestasi Belajarmu!!!
43,1,a,Pertahankan Prestasi Belajarmu!!!
43,1,b,Tingkatkan Prestasimu!!!
44,1,a,Pertahankan Prestasi Belajarmu!!!
44,1,b,Tingkatkan Prestasimu!!!
45,1,a,Pertahankan Prestasi Belajarmu!!!
45,1,b,Pertahankan Prestasi Belajarmu!!!
46,1,a,Pertahankan Prestasi Belajarmu!!!
46,1,b,Tingkatkan Prestasimu!!!
47,1,a,Tingkatkan Prestasimu!!!
47,1,b,Pertahankan Prestasi Belajarmu!!!
48,1,a,Pertahankan Prestasi Belajarmu!!!
48,1,b,Pertahankan Prestasi Belajarmu!!!
49,1,a,Tingkatkan Prestasimu!!!
49,1,b,Pertahankan Prestasi Belajarmu!!!
50,1,a,Tingkatkan Prestasimu!!!
50,1,b,Tingkatkan Prestasimu!!!
51,1,a,Pertahankan Prestasi Belajarmu!!!
51,1,b,Tingkatkan Prestasimu!!!
52,1,a,Pertahankan Prestasi Belajarmu!!!
52,1,b,Pertahankan Prestasi Belajarmu!!!
53,1,a,Tingkatkan Prestasimu!!!
53,1,b,Pertahankan Prestasi Belajarmu!!!
54,1,a,Pertahankan Prestasi Belajarmu!!!
54,1,b,Tingkatkan Prestasimu!!!
55,1,a,Pertahankan Prestasi Belajarmu!!!
55,1,b,Tingkatkan Prestasimu!!!
56,1,a,Pertahankan Prestasi Belajarmu!!!
56,1,b,Tingkatkan Prestasimu!!!
57,1,a,Tingkatkan Prestasimu!!!
57,1,b,Pertahankan Prestasi Belajarmu!!!
58,1,a,Tingkatkan Prestasimu!!!
58,1,b,Tingkatkan Prestasimu!!!
59,1,a,Pertahankan Prestasi Belajarmu!!!
59,1,b,Tingkatkan Prestasimu!!!
60,1,a,Pertahankan Prestasi Belajarmu!!!
60,1,b,Pertahankan Prestasi Belajarmu!!!
61,1,a,Tingkatkan Prestasimu!!!
61,1,b,Pertahankan Prestasi Belajarmu!!!
62,1,a,Tingkatkan Prestasimu!!!
62,1,b,Pertahankan Prestasi Belajarmu!!!
63,1,a,Tingkatkan Prestasimu!!!
63,1,b,Tingkatkan Prestasimu!!!
64,1,a,Pertahankan Prestasi Belajarmu!!!
64,1,b,Pertahankan Prestasi Belajarmu!!!
65,1,a,Pertahankan Prestasi Belajarmu!!!
65,1,b,Tingkatkan Prestasimu!!!
66,1,a,Tingkatkan Prestasimu!!!
66,1,b,Pertahankan Prestasi Belajarmu!!!
67,1,a,Tingkatkan Prestasimu!!!
67,1,b,Pertahankan Prestasi Belajarmu!!!
68,1,a,Pertahankan Prestasi Belajarmu!!!
68,1,b,Tingkatkan Prestasimu!!!
69,1,a,Tingkatkan Prestasimu!!!
69,1,b,Tingkatkan Prestasimu!!!
70,1,a,Tingkatkan Prestasimu!!!
70,1,b,Pertahankan Prestasi Belajarmu!!!
71,1,a,Pertahankan Prestasi Belajarmu!!!
71,1,b,Tingkatkan Prestasimu!!!
72,1,a,Pertahankan Prestasi Belajarmu!!!
72,1,b,Pertahankan Prestasi Belajarmu!!!
73,1,a,Pertahankan Prestasi Belajarmu!!!
73,1,b,Pertahankan Prestasi Belajarmu!!!
74,1,a,Tingkatkan Prestasimu!!!
74,1,b,Pertahankan Prestasi Belajarmu!!!
75,1,a,Tingkatkan Prestasimu!!!
75,1,b,Pertahankan Prestasi Belajarmu!!!
76,1,a,Tingkatkan Prestasimu!!!
76,1,b,Pertahankan Prestasi Belajarmu!!!
77,1,a,Tingkatkan Prestasimu!!!
77,1,b,Tingkatkan Prestasimu!!!
78,1,a,Pertahankan Prestasi Belajarmu!!!
78,1,b,Pertahankan Prestasi Belajarmu!!!
79,1,a,Pertahankan Prestasi Belajarmu!!!
79,1,b,Pertahankan Prestasi Belajarmu!!!
80,1,a,Pertahankan Prestasi Belajarmu!!!
80,1,b,Pertahankan Prestasi Belajarmu!!!
81,1,a,Tingkatkan Prestasimu!!!
81,1,b,Tingkatkan Prestasimu!!!
82,1,a,Tingkatkan Prestasimu!!!
82,1,b,Pertahankan Prestasi Belajarmu!!!
83,1,a,Tingkatkan Prestasimu!!!
83,1,b,Pertahankan Prestasi Belajarmu!!!
84,1,a,Pertahankan Prestasi Belajarmu!!!
84,1,b,Tingkatkan Prestasimu!!!
85,1,a,Pertahankan Prestasi Belajarmu!!!
85,1,b,Tingkatkan Prestasimu!!!
86,1,a,Pertahankan Prestasi Belajarmu!!!
86,1,b,Pertahankan Prestasi Belajarmu!!!
87,1,a,Tingkatkan Prestasimu!!!
87,1,b,Tingkatkan Prestasimu!!!
88,1,a,Pertahankan Prestasi Belajarmu!!!
88,1,b,Pertahankan Prestasi Belajarmu!!!
89,1,a,Pertahankan Prestasi Belajarmu!!!
89,1,b,Tingkatkan Prestasimu!!!
90,1,a,Tingkatkan Prestasimu!!!
90,1,b,Tingkatkan Prestasimu!!!
91,1,a,Pertahankan Prestasi Belajarmu!!!
91,1,b,Tingkatkan Prestasimu!!!
92,1,a,Pertahankan Prestasi Belajarmu!!!
92,1,b,Tingkatkan Prestasimu!!!
105,1,a,Tingkatkan Prestasimu!!!
105,1,b,Tingkatkan Prestasimu!!!
106,1,a,Pertahankan Prestasi Belajarmu!!!
106,1,b,Tingkatkan Prestasimu!!!
107,1,a,Tingkatkan Prestasimu!!!
107,1,b,Tingkatkan Prestasimu!!!
108,1,a,Tingkatkan Prestasimu!!!
108,1,b,Tingkatkan Prestasimu!!!
109,1,a,Pertahankan Prestasi Belajarmu!!!
109,1,b,Tingkatkan Prestasimu!!!
110,1,a,Pertahankan Prestasi Belajarmu!!!
110,1,b,Tingkatkan Prestasimu!!!
111,1,a,Tingkatkan Prestasimu!!!
111,1,b,Tingkatkan Prestasimu!!!
112,1,a,Pertahankan Prestasi Belajarmu!!!
112,1,b,Pertahankan Prestasi Belajarmu!!!
113,1,a,Pertahankan Prestasi Belajarmu!!!
113,1,b,Pertahankan Prestasi Belajarmu!!!
114,1,a,Tingkatkan Prestasimu!!!
114,1,b,Tingkatkan Prestasimu!!!
115,1,a,Tingkatkan Prestasimu!!!
115,1,b,Pertahankan Prestasi Belajarmu!!!
116,1,a,Tingkatkan Prestasimu!!!
116,1,b,Pertahankan Prestasi Belajarmu!!!
117,1,a,Tingkatkan Prestasimu!!!
117,1,b,Tingkatkan Prestasimu!!!
118,1,a,Pertahankan Prestasi Belajarmu!!!
118,1,b,Tingkatkan Prestasimu!!!
119,1,a,Pertahankan Prestasi Belajarmu!!!
119,1,b,Pertahankan Prestasi Belajarmu!!!
120,1,a,Pertahankan Prestasi Belajarmu!!!
120,1,b,Tingkatkan Prestasimu!!!
121,1,a,Pertahankan Prestasi Belajarmu!!!
121,1,b,Pertahankan Prestasi Belajarmu!!!
122,1,a,Pertahankan Prestasi Belajarmu!!!
122,1,b,Tingkatkan Prestasimu!!!
123,1,a,Pertahankan Prestasi Belajarmu!!!
123,1,b,Tingkatkan Prestasimu!!!
124,1,a,Tingkatkan Prestasimu!!!
124,1,b,Tingkatkan Prestasimu!!!
125,1,a,Pertahankan Prestasi Belajarmu!!!
125,1,b,Tingkatkan Prestasimu!!!
126,1,a,Tingkatkan Prestasimu!!!
126,1,b,Pertahankan Prestasi Belajarmu!!!
127,1,a,Pertahankan Prestasi Belajarmu!!!
127,1,b,Tingkatkan Prestasimu!!!
128,1,a,Tingkatkan Prestasimu!!!
128,1,b,Tingkatkan Prestasimu!!!
129,1,a,Tingkatkan Prestasimu!!!
129,1,b,Tingkatkan Prestasimu!!!
130,1,a,Tingkatkan Prestasimu!!!
130,1,b,Tingkatkan Prestasimu!!!
131,1,a,Tingkatkan Prestasimu!!!
131,1,b,Tingkatkan Prestasimu!!!
132,1,a,Pertahankan Prestasi Belajarmu!!!
132,1,b,Tingkatkan Prestasimu!!!
133,1,a,Pertahankan Prestasi Belajarmu!!!
133,1,b,Tingkatkan Prestasimu!!!
134,1,a,Tingkatkan Prestasimu!!!
134,1,b,Tingkatkan Prestasimu!!!
135,1,a,Pertahankan Prestasi Belajarmu!!!
135,1,b,Tingkatkan Prestasimu!!!
136,1,a,Pertahankan Prestasi Belajarmu!!!
136,1,b,Tingkatkan Prestasimu!!!
137,1,a,Pertahankan Prestasi Belajarmu!!!
137,1,b,Tingkatkan Prestasimu!!!
138,1,a,Tingkatkan Prestasimu!!!
138,1,b,Tingkatkan Prestasimu!!!
139,1,a,Pertahankan Prestasi Belajarmu!!!
139,1,b,Pertahankan Prestasi Belajarmu!!!
140,1,a,Tingkatkan Prestasimu!!!
140,1,b,Pertahankan Prestasi Belajarmu!!!
141,1,a,Pertahankan Prestasi Belajarmu!!!
141,1,b,Tingkatkan Prestasimu!!!
142,1,a,Tingkatkan Prestasimu!!!
142,1,b,Pertahankan Prestasi Belajarmu!!!
143,1,a,Pertahankan Prestasi Belajarmu!!!
143,1,b,Pertahankan Prestasi Belajarmu!!!
144,1,a,Pertahankan Prestasi Belajarmu!!!
144,1,b,Pertahankan Prestasi Belajarmu!!!
145,1,a,Tingkatkan Prestasimu!!!
145,1,b,Pertahankan Prestasi Belajarmu!!!
146,1,a,Pertahankan Prestasi Belajarmu!!!
146,1,b,Tingkatkan Prestasimu!!!
147,1,a,Tingkatkan Prestasimu!!!
147,1,b,Tingkatkan Prestasimu!!!
148,1,a,Tingkatkan Prestasimu!!!
148,1,b,Tingkatkan Prestasimu!!!
149,1,a,Pertahankan Prestasi Belajarmu!!!
149,1,b,Tingkatkan Prestasimu!!!
150,1,a,Pertahankan Prestasi Belajarmu!!!
150,1,b,Pertahankan Prestasi Belajarmu!!!
151,1,a,Pertahankan Prestasi Belajarmu!!!
151,1,b,Pertahankan Prestasi Belajarmu!!!
152,1,a,Tingkatkan Prestasimu!!!
152,1,b,Tingkatkan Prestasimu!!!
153,1,a,Pertahankan Prestasi Belajarmu!!!
153,1,b,Tingkatkan Prestasimu!!!
154,1,a,Pertahankan Prestasi Belajarmu!!!
154,1,b,Pertahankan Prestasi Belajarmu!!!
155,1,a,Pertahankan Prestasi Belajarmu!!!
155,1,b,Tingkatkan Prestasimu!!!
156,1,a,Tingkatkan Prestasimu!!!
156,1,b,Pertahankan Prestasi Belajarmu!!!
157,1,a,Tingkatkan Prestasimu!!!
157,1,b,Tingkatkan Prestasimu!!!
158,1,a,Tingkatkan Prestasimu!!!
158,1,b,Pertahankan Prestasi Belajarmu!!!
159,1,a,Tingkatkan Prestasimu!!!
159,1,b,Tingkatkan Prestasimu!!!
160,1,a,Pertahankan Prestasi Belajarmu!!!
160,1,b,Tingkatkan Prestasimu!!!
161,1,a,Pertahankan Prestasi Belajarmu!!!
161,1,b,Pertahankan Prestasi Belajarmu!!!
162,1,a,Tingkatkan Prestasimu!!!
162,1,b,Pertahankan Prestasi Belajarmu!!!
163,1,a,Tingkatkan Prestasimu!!!
163,1,b,Tingkatkan Prestasimu!!!
164,1,a,Pertahankan Prestasi Belajarmu!!!
164,1,b,Tingkatkan Prestasimu!!!
165,1,a,Tingkatkan Prestasimu!!!
165,1,b,Pertahankan Prestasi Belajarmu!!!
166,1,a,Tingkatkan Prestasimu!!!
166,1,b,Tingkatkan Prestasimu!!!
167,1,a,Pertahankan Prestasi Belajarmu!!!
167,1,b,Pertahankan Prestasi Belajarmu!!!
168,1,a,Tingkatkan Prestasimu!!!
168,1,b,Pertahankan Prestasi Belajarmu!!!
169,1,a,Tingkatkan Prestasimu!!!
169,1,b,Tingkatkan Prestasimu!!!
170,1,a,Tingkatkan Prestasimu!!!
170,1,b,Tingkatkan Prestasimu!!!
171,1,a,Pertahankan Prestasi Belajarmu!!!
171,1,b,Tingkatkan Prestasimu!!!
172,1,a,Pertahankan Prestasi Belajarmu!!!
172,1,b,Tingkatkan Prestasimu!!!
173,1,a,Tingkatkan Prestasimu!!!
173,1,b,Pertahankan Prestasi Belajarmu!!!
174,1,a,Tingkatkan Prestasimu!!!
174,1,b,Pertahankan Prestasi Belajarmu!!!
175,1,a,Pertahankan Prestasi Belajarmu!!!
175,1,b,Tingkatkan Prestasimu!!!
176,1,a,Tingkatkan Prestasimu!!!
176,1,b,Tingkatkan Prestasimu!!!
177,1,a,Pertahankan Prestasi Belajarmu!!!
177,1,b,Pertahankan Prestasi Belajarmu!!!
178,1,a,Pertahankan Prestasi Belajarmu!!!
178,1,b,Tingkatkan Prestasimu!!!
179,1,a,Pertahankan Prestasi Belajarmu!!!
179,1,b,Pertahankan Prestasi Belajarmu!!!
